Vuelvo Al Sur,Koop,Aubade (Leçons de tango),Tjhffu6n4t6drb5jyd5ljvjgufq
Vuelvo al sur,Richard Galliano,"New York Tango (feat. Biréli Lagrène, Al Foster & George Mraz)",Ti7ysyze7bmzxhj3cg2psnj4g4a
Vuelvo al Sur,"Modern Saxophone Quartet, Simone Zanchini",Imagenes de Tango,Ta4feo6krjtodrdmk2ip4lw3qou
Vuelvo Al Sur,Tanghetto,Hybrid Tango II,Tl5h7bslojrwiuifnftse2equlm
Queremos paz,Gotan Project,La Revancha Del Tango,Ttz7267boohecbn2g4edjjgpeny
Vuelvo al sur,Gotan Project,La Revancha Del Tango,Tlba3kf6oi7y5l4xuyxc4jufleu
Pa' Bailar,Bajofondo,Mar Dulce,Tz7jgtqwhcrtoo4u2n5kmq7juzy
Cristal,Bajofondo,Mar Dulce,Tsajilylez5o73yh3t3fo623ch4
Una Llamada (One Call),Tanghetto,Emigrante (Electrotango),Trxmushevp4esmchtzsaeafvoli
Alexanderplatz Tango,Tanghetto,Emigrante (Electrotango),Tvtjblsk5xgxbmou6m6p4dq5udi
Mas De Lo Mismo (More Of The Same),Tanghetto,Hybrid Tango,T65qdmmk3itjiaim3kutwa3ol6u
Barrio Sur,Tanghetto,Hybrid Tango,Tes26tovnr4a55gns4ptospbjqq
Cantaloupe Island,Tanghetto,"The Best of Tanghetto, Vol. 2",Tdmdviqdxhysz3vvujf7xeibbua
Blue Tango,Tanghetto,"The Best of Tanghetto, Vol. 2",Tl47onb6ni2g6bkqrlksybegwiy
Vuelvo al Sur (El Remolon Remix),Gotan Project,La Revancha En Cumbia,T7ciyo66z63gzqchraxldogkchy
Vuelvo al Sur,Asilo 38,Anarkolombia,Tf5vo3frdf2xkvxmoo2qprfi224
Vuelvo Al Sur,Orientango,Into The Milonga,Tyxuwzl4fidkwyo4fketsim2oh4
Vuelvo al Sur,Mistango,Piazzolla Sens Unique,Teo7pbfgk2eqi6zvxqzh5cnbiqq
Vuelvo al Sur,Quarteto Maogani,Canela,Trajijzdi2kke4o2a2u4by4ded4
Vuelvo Al Sur,Quadro Nuevo,Tango,Tbw3jayerxwj56gr2c5ots3apt4
Vuelvo al Sur,Wouter Kellerman,Instrumental Moods,Tzvpjmmbek3m44lale55kltwsr4
Vuelvo al Sur,La Bruja Salguero,Flor de Retama,T446wlqfvdfqjytx3zcwbuozwaq
