Green Onions,Booker T.,En Privado... Blues Vol. 2,Tc544gl3ruo4og2eek3iqepd4km
"Honky Tonk, Pt. 1",Bill Doggett,Honky Tonk,Tctmlpxmehqrhq65qlapyk52smm
Walk Don't Run,The Ventures,Gold,Tdvupux6qcps3mxpxpjgtbcgznu
Pipeline,Chantay's,One Hit Wonders - Vol. 6,T3nfklmtz3zhq7wql6mfdo6taea
Night Train,Jimmy Forest,Just Instrumental 3,Tm6xd6vy2xvrudltexfjdptjpfq
Wipe Out,The Surfaris,Wipe Out,Tan6vwsucu5mjbodmkccwvspv64
Rumble,Link Wray,The Best of Link Wray,Tjg2iis352yd2zll44r2zh3vqvq
Rebel Rouser,Duane Eddy,Best Of The RCA Years- Hits & Rarities,Tkg6fvpafsug4s7aw7mwutzgzmu
Frankenstein,Edgar Winter,The Best Of Edgar Winter,Tifbkrjeqgavzjnr23m5w5mv5eu
Misirlou,Dick Dale,Misirlou,Tr43efjagvdmz7rst4olbrogz6u
Sleepwalk (Extended Version),Santo and Johnny,"The Day the Music Died, in Memory of the Big Bopper",Tgiunbsodnhxzi367xoeq3y4qk4
Jessica,The Allman Brothers Band,Dreams,Tbfqavn55gi4q472a4sjey67fju
TSOP (The Sound of Philadelphia),MFSB,End of Phase I - A Collection of Greatest Hits,Tdhxsurlsdd4g64j6esr5co56g4
Tequila,The Champs,Tequila,Tqo5ixyvqswkgiwp636lup4ogu4
Time Is Tight,Booker T. & The M.G.'s,Soul Six Pack,Tcnkms7o5y25dplm3lzw5gc2ete
The Deacons Hop,Big Jay McNeely,The Definitive Collection of R&B Hits from 1949,Toxx7kpkmmw6gif6xw6hywxx63a
Eruption,Van Halen,Best Of Volume 1,Tblvowhtezwa67owtdzbvtp2lxm
Cissy Strut,The Meters,The Meters,Tvyao24xk6swwujjha6kzhdnuna
Memphis,Lonnie Mack,For Collectors Only (The Wham Of That Memphis Man),Tdnlh6dy54o3afusccumr4kcjbq
Apache,The Shadows,Apache,Tczxklrdadmiifutkgyrbcdrwiu
Raunchy,Bill Justis,Rock 'n' Roll Heaven,T33asl36av3vl3on4rbysx32oye
Soul Twist,King Curtis,Soul Twist,Thoibnbsdfjgp5c4nezhm2c7ntq
Space Guitar,"Johnny ""Guitar"" Watson","Blues Guitar Blasters, Vol. 1",Tqt723tnimzgz3gxko3d36gavse
Last Night,The Mar-Keys,The Last Night!,Tksjttc3nxodywlt7nt2dqecpom
Wild Weekend,Rockin' Rebels,Wild Weekend,Ttdhqjwetqrhdbvyuggncrksufi
Maggot Brain,Funkadelic,Maggot Brain,Tqlh47dv37hvwcv4yfg7w7o37ve
Rockit,Herbie Hancock,Future Shock,Tbi4d327ajncmeqbenylwe7e6om
The Popcorn,James Brown,The Popcorn,Tbl54cguhejadkfvt6su2qdsl3a
Hip Hug-Her,Booker T & The MGs,"Groovin’, Vol. 2",Thpb23z3yoefgeic47t3vv4jeye
Let's Go Trippin,Dick Dale,Guitar Sixties 1,Tgoulnoqmexaaoe5myjppo7pxrm
Telstar,The Tornadoes,"A Big Mix of Hits, Vol. 1",Tkhnvr55xljdydurbiou4ia3miq
Soul Finger,The Bar-Kays,Soul Finger,Taacrow54lnhwxfchmvhy6kuoom
Out Of Limits,The Marketts,Out Of Limits!,Tdog3jdmb7uju7gjilpmoh5pfjm
Funky Drummer (Pt. 1 & 2),James Brown,In The Jungle Groove,Tidxgxm5l5czpmwnrczrchw5nxa
Rock 'n' Roll (Part 2),Gary Glitter,Glitter,Tzxb2egrcn4mppvelmblhgob2om
Soul Serenade,Aretha Franklin,I Never Loved A Man The Way I Love You,Tdohktf6xn4hgzumu67k5jatxhm
Machine Gun,Commodores,The Commodores Anthology,T5d4rxkd5mmlsyn2yzo7wa64wle
Outa-Space,Billy Preston,I Wrote A Simple Song,Te23g74hcgwanbthpw64yz6yoie
The Lonely Surfer,Jack Nitzsche,The Lonely Surfer,T2t3k5vyo3cnteo2z3farfeybva
Scorpio,Dennis Coffey,Rockin' Classics,Tey7fpidfyvr6rpvx2k2xzvwzfm
Hide Away,Freddie King,Kings of King,Tzemrhzda6g4aquckt3weq5zpua
Hang 'Em High,Booker T. & The MG's,The Very Best Of Booker T. & The MG's,Tnf7npl23bqnhmic57potcync3m
Beck’s Bolero (Live),Jeff Beck,Performing This Week… Live At Ronnie Scott's,Tmd22tfwcxom6prim6bvxb4dsbe
Sophisticated Cissy,The Meters,The Very Best Of The Meters,T6gxnsjd376z4pc4jisijvlnkhi
Twine Time,Alvin Cash,Windy City Workout,T43owvdfa25caspnk6azvotmgsu
Groovin',Booker T & The MGs,"Groovin’, Vol. 1",Tqsyaajfuwy37fr3rih6zmqn7ey
Moby Dick,Led Zeppelin,Led Zeppelin II (Deluxe Edition),Txlwwfyv3orbh3y3krcje3egwzi
Harlem Nocturne,King Curtis,Harlem Nocturne,Tnhtfkaahk5j7jwhgjejhzrse3q
La Villa Strangiato (An Exercise In Self-Indulgence),Rush,Hemispheres,Tcloj5imre2w64lhmo5wg3fgdsq
Ain't It Funky Now,James Brown,Foundations Of Funk: A Brand New Bag 1964-1969,Tkrirfev4hb23diway32jt6cwva
Tubular Bells,Mike Oldfield,Mike Oldfield,Tjc32yp3u4bp6ymc4w6cfpqyega
Wham!,Lonnie Mack,The Wham of That Memphis Man,T2olugnzvumpxevatdg2647w4je
(Ghost) Riders in the Sky,The Ramrods,"On the Road, Vol. 7 - Classics Road Songs",Ty7kerw6xcq6wlgmkbznvd65nnq
Forty Miles Of Bad Road,Duane Eddy,"$1,000,000 Worth Of Twang",Ti7aa576vasw3zxbidocjgdlrjq
Blues Theme (From The Wild Angels),Davie Allan & The Arrows,Blues Theme,Tjxp2rv7nclhpcjrzj7i4omogvm
Soul Sacrifice,Santana,Santana,Tqnz3bjw2f52msg3hexuy2eyx4y
The Horse,Cliff Nobles,The Phil-LA of Soul Singles Collection 1968-1972,T4ph47x6i6vtwmadqi4kjtjwc5m
Cleo's Mood,Jr. Walker & The All Stars,Shotgun,Tj65q6mcsr7bmnz4kghwhxavsau
Orion (Live),Metallica,Metallica Through The Never (Music From The Motion Picture),T3rvrnywhbsbdn65gh4wpzszj3y
Surfing with the Alien,Joe Satriani,Surfing With The Alien,Tx4ghxwfpqxlpmornb7oa7xnjzm
Ooh Poo Pah Doo (Part 2),Jessie Hill,A little Surprise,Tivlcnw6lf2sk3b23mtwwlgvvjm
"Larks’ Tongues in Aspic, Pt. Two",King Crimson,Radical Action To Unseat the Hold of Monkey Mind (Live),Tn3qgkc3wwl3ca534hp4upxrxpu
20-75 (Live),Willie Mitchell,Willie Mitchell Live,T556mzeef23n72dhxk7ytkkpkfa
Express,B.T. Express,Do It ('Til You're Satisfied),Tkz5kyiomuoeuwdib45ccr5bkq4
Viva Tirado,El Chicano,"El Chicano ""Live""",Tv4sg24wgxxaup34pi6ycmeasoq
In Memory of Elizabeth Reed (Live),Allman Brothers Band,"Fox Box: 3 Nights Live at Fox Theatre in Atlanta, Ga (September 26, 2004)",Txtgqstm6xuedcn5xru3eofzg44
Peaches En Regalia,Frank Zappa,ZAPPAtite - Frank Zappa's Tastiest Tracks,Tzh25pmcdwocp3ir275tlfkpu3y
Sparks,The Who,Tommy,Tbcdfywg46shosx73p7hzwafcai
Summertime,Booker T & The MGs,"Groovin’, Vol. 1",Tfeh7xheyzriwxoebtijbxcodnq
Red River Rock,Johnny & The Hurricanes,Johnny & The Hurricanes' Red River Rock,Tzdyiicoo2ibuf6tkgqg2qfhzde
Hocus Pocus,Focus,Golden Oldies,Teyw6p65c3ey4nbz6lesbwkekx4
YYZ,Rush,Moving Pictures,Tzw4yd4z7o3t6ytbmw5k3u3u7km
Cole Slaw,Frank Culley,Rock and Roll,Twvdchxvb7xhrrb3qsaz5reeelu
Happy Organ,Dave Baby Cortez,Smooth Operators Vol 1,Tmcm6cii4ljhqkjzeesu2nzbmse
Star Spangled Banner (Live at Woodstock),Jimi Hendrix,Experience Hendrix (The Best Of Jimi Hendrix),T5rnu4camgqmehbixqfdz67my2e
Mrs. Robinson (Single Version),Booker T & The MG's,Stax 50th Anniversary (E Album Set),T2o6wpklesngkkzphk4m4gt4jpm
Journey To The Stars (Live),The Ventures,Live In Japan '65,Tiv7fmautkjrulgsemtdsk34snq
Interstellar Overdrive,Pink Floyd,The Piper at the Gates of Dawn,Tgkax6sts7sw4dxeqvjx6fkhb6e
Peter Gunn (feat. Duane Eddy),Art of Noise,The Best Of The Art Of Noise,Td367wgoqaxztu7jjpisvrpl25i
Satch Boogie,Joe Satriani,Surfing With The Alien,Tfqrxr32zo34piry3e3qasrz3su
Gonzo,James Booker,Rock 'N Roll Instrumentals - Gold Edition,T5uyn3qex66ffhxhjs6bxrhjf54
Smokie (Part Two),Bill Black Combo,The Jukebox Hits Vol 4,Tazssqnulmfjgbxsp2mz4m7gmtm
Cliffs Of Dover,Eric Johnson,Ah Via Musicom,Tlqlwrypyq2ngrtuzlkr2fzfho4
Wade In The Water,Ramsey Lewis Trio,The Greatest Hits Of Ramsey Lewis,Tuy7vd6mx2pcrqlywvafbpqi3ly
Teen Beat,Sandy Nelson,Teen Beat / Let There Be Drums,T3554q5losgohdhpoyjmtfw6r3e
Tall Cool One,The Wailers,The Fabulous Wailers,T5hzssehegsawkrksw5e3fay5xa
Swanee River Hop,Fats Domino,They Call Me The Fat Man (The Legendary Imperial Recordings),Tplv2isrgrie7gcjyuvlabldbfy
Penetration,The Pyramids,Penetration! The Best Of The Pyramids,Tb6mgvl7nhrwcle5oaasmcrxqji
Summer Madness,Kool & The Gang,Gold,T2ydw2zu5czbduchjryv5i7zkji
Bongo Rock,Incredible Bongo Band,"Sunshine & Waves Longboarders Delights (New Folk, Bluesy Tunes and Laidback Revisited Standards)",Tss3u2rhrg7a2ui3kgbjbjjda54
One Mint Julep,Ray Charles,Ray Charles: The Jazz Piano Legend,Txagueessjqfdnj24hd4wvnh6fe
"Nottingham Lace (feat. Ani Maldjian, Azam Ali, Bad Acid Trip, Efrem Schulz, Gigi, Maura Davis, Maximum Bob, Saul Williams, Serj Tankian & Shana Halligan)",Buckethead & Friends,Enter The Chicken,T72es72urgltip2z3o3fngr4qiy
Samba Pa Ti,Santana,Ultimate Santana,Tj3ekdedihoa7qj7o4b7topxlka
Mumblin' Guitar,Bo Diddley,Bo,Tzi75xcfack2dnmdykaksqhx55a
Hold It,Bill Doggett,28 Big Ones,T5rd5rvqwqp2uu7h2gltuvzletq
Miami Vice Theme,Jan Hammer,Escape From Television,T473ba4sdetaijpxff66nqby7am
Grazing In The Grass,Hugh Masekela,The Promise Of A Future,Tqoxpellftsfdohjjxubreisom4
Slaughter On 10th Avenue,The Ventures,Gold,T7nejc23nv5rzotw4y7ckrqw2oy
Cannonball,Duane Eddy,Jukebox Party - Hits of the 50' - Vol. 1,Tx3dzpbgvuaegemmromreasmbeq
Walking' with Mr. Lee,Lee Allen,50 Top Hits from 1957,Tbkj4igpcmnaen4r32sbb755eau
Melting Pot,Booker T & The MG's,Melting Pot,Tkexauyrgsh2plgcfl54i3tcwyq
Soulful Strut,The Young-Holt Unlimited,The Definitive Young-Holt Unlimited,T7ijrclvbflhsmz3um4nabmlsd4
30-60-90,Willie Mitchell,On Top,Tlnoqt6c3lj763twklmpeg4xyty
Raw-Hide,Link Wray,The Best of Link Wray,Tvmv7zygur27n365ahid62mmrde
Classical Gas,Mason Williams,The Mason Williams Phonographic Record,Ta7ujhvtakogdoeyt32x2xmizre
Spudnik,The Ventures,Spudnik,T3prkr4kc2bj2qclyrh53c7ddd4
Tuff,Ace Cannon,Music By the Pound,Tpc434vi33rz4hu6dc27q3alfem
Hand Clappin',Red Prysock,Rock N' Roll - The Best Of,Tofomyghkbrg72otk5gfbvjohdy
Joy,Apollo 100,Boogie Nights #2 / Music From The Original Motion Picture,Txvgz3cdkxqmdt7klrjxfawaspa
Surf Beat,Dick Dale,Surfers' Choice,Ta4h77f3pkannk2x3yqsb7zduna
The in Crowd,Ramsey Lewis,Jazz in París,Tbpgima2iqdp42m5p6p5qrmiwau
Theme From S.W.A.T.,Rhythm Heritage,Disco-Fied,Tlldd2wicjvneul4ppimbiixo7u
Space Race,Pete York,String Time In New York,Tiyhfr6btvppo5thecokijwuo2a
White Silver Sands,Bill Blacks Combo,Top Pop 3,Tk4ew5ysnqtt2u54btwymwzh4xy
The Extremist,Joe Satriani,The Extremist,T24hblhyidikfk7rs72ksbelwaq
Nut Rocker,New Jordal Swingers,NJS` Beste - 20 Hits På 20 År,Tcmpxwsyx5agn5jbafrfgvkoeke
Baja,The Astronauts,Surf Series: With the Astronauts,Tsn4vh2qvsvawbnpjv4vr7tjgay
In / Flux,DJ Shadow,Pre-Emptive Strike,Tzdcihylzxpnkxdagno4vf26xwa
Iron Butterfly Theme,Iron Butterfly,Heavy,Tg2fzu222al53f5pipjy4bw6cdq
Boss,The Rumblers,Boss!,Tv2sxqn6wgeiclanmvcr5hygrsy
The Messiah Will Come Again (Live),Roy Buchanan,Telemaster Live In '75,Tc36j4vxz7sdipmpprx3krjwyiq
Pass The Peas,The J.B.'s,James Brown's Funky People,Ttgyj3uy6e7sotg7g2czalphmx4
"When the Water Breaks (From ""Liquid Tension Experiment 2"")",Marc Papeghin,When Dream and Horn Unite,T5ehip5alsrrkj2ayxpz7turgsa
Embryonic Journey,Jefferson Airplane,Surrealistic Pillow,Tkuqfrssroi3sh7ymwsjrgjgxby
Kometenmelodie 2 (2009 Remastered Version),Kraftwerk,Autobahn,Tliphohutlpbonlpilhy2j4tmli
Scuttle Buttin',Stevie Ray Vaughan,The Essential Stevie Ray Vaughan And Double Trouble,Ta2dujh2jmtwcrsyupamul5wkxq
Moon Dawg,The Gamblers,Out for Kicks - Blues Trashed & Fuzzed,Twakc2il27l3nusmr6derhfrqym
Perfidia,The Ventures,Gold,Tutvmaqcmrzwnjvggbuzazqb5hm
A Night With Daddy G,Dick Dale and the Deltones,Point Break : Misirlou and Other Surf Classics,Tc4c3kpe4y6qygsfmdhqtoci6hu
O-H-I-O,Ohio Players,Angel,Ttuwtrn4kch2gvjssmehzyihxna
The Animal,Steve Vai,Passion And Warfare,Tw5da37wunqyo743mu4lg2z3r7m
Ramrod,Duane Eddy,Have 'Twangy' Guitar Will Travel,T5pctrg3lrypbmcdpamwkyw324u
Poppin,Willie Mitchell,On Top,Tkftbty47br7nosh4ccnkkhfpe4
Atom Heart Mother,Pink Floyd,Atom Heart Mother,Tzvvhkkk4hohjldvdl5bthw4qoq
Stormy,The Meters,The Meters,Tftr4h5armxiuyd6posayakehmm
Free Flight,Ted Nugent,"Tooth, Fang & Claw",Tafieayr5hcngpg6htvujl4iiey
Soft,Tiny Bradshaw,100 Chart Toppers of 1953,Tpjgcgurct6wrqo7trrtqan2dwa
You Can't Sit Down,Phil Upchurch Combo,Lost Hits of the 60's Vol. 2 (All Original Artists & Versions),Totvh62ciifxtdsc7zbcym47vwm
Buck's Boogie (Live),Blue Oyster Cult,The Essential Blue Öyster Cult,Tgnaayvm6aiqpkidglnr5nhm4ta
Jays Frantic,Big Jay McNeely,Top 65 Classics - The Very Best of Big Jay McNeely,Tfsig4i5opio2qqp7myrrmzasiu
Instant Groove,King Curtis,Instant Groove,T56fd5chgp3oqswpelpj47cjuhy
Suds,James Brown,Say it Loud - Best of James Brown Live!,Tnsaevus4udkqivqec5esykiwji
Little Wing,Stevie Ray Vaughan,The Essential Stevie Ray Vaughan And Double Trouble,T7fn3bmhyc6xlhelgwrlwjwjlmq
Rudy´s Rock,Bill Haley & the Comets,Live in Concert,Tdcg4uylia7c65zvrqia7disnye
Jack the Ripper,Link Wray,The Best of Link Wray,T57ngtuigmxn5tmjtwpx3ll64ai
Hole in the Wall,The Packers,Late Late Party (1965-67),Txyvlb2ldlzr7hkj5wg2ytyrznq
"Erotomania (Live at the Ijsselhallen, Zwolle, Netherlands 1999)",Dream Theater,New Millenium (Live),Tdtjsi2bhkkbc5bgjyjuhk4yga4
The Call Of Ktulu (Remastered),Metallica,Ride The Lightning (Remastered),Tpjeznie53sidqxdxqoh2szi37y
Boogie Guitar (Three Guitars),Johnny Otis,The Ultimate Jazz Archive 15 (4 Of 4),T4xoyldbf5ssjnrfl3qwpjhb6xi
The Hustle (Re-Recorded / Remastered),Van McCoy,Saturday Night Fever Classics,Tik5sdbm5zmkqsr7t6gbfxxxv7i
Ram-Bunk-Shush,The Ventures,The Ventures Original,Tmcantbq6fgwsxsrbykemigbozi
Overture,The Who,Tommy,Tlfp6qjnwapm3rh2hbmmrzjjunm
Whittier Blvd,Thee Midniters,In Thee Midnite Hour!!!!,T4iw32ioylakfigvgggoj77qn34
Red,King Crimson,Radical Action To Unseat the Hold of Monkey Mind (Live),Tzbqhkemowo4hbgua6kqks6ydru
Mr. Eliminator,Dick Dale,Night Rider,Tm56sxmkrvnuadomoss5q6weqpq
YTSE Jam (Live Version - Paris 1998),Dream Theater,Once In A LIVEtime,Tppzwrnnxhysdk4mjmlvwshafgm
Torquay,The Fireballs,Torquay/Campusology,T5qi7xob7lprmsi5q5asgpn53cq
Do It Any Way You Wanna,People's Choice,Boogie Down U.S.A.,T6la6iiohqyrcvxle6u3c3kduty
Aztec,Bo Diddley,I'm a Man,Tiwvpjxipegtuofwfhn62ox2g24
University Blvd,Los Straitjackets,In Concert,Txda5ksdyscxcannk75wydm3uvi
Glasgow Kiss (Live),John Petrucci,Live In Tokyo,T4azbvhk77fh46ytudbxy77d3ji
Soul Limbo,Booker T & The MG's,The Best Of,Tdyajojr3qhixivh5dcliquerz4
Ode To Billie Joe,King Curtis,King Size Soul,Tbrzkvq6shvh26ggvqbbljycje4
Surfers Stomp,The Marketts,"Fab Explosion, Vol. 2",Tqfcmix2k5j7fqgrpycajf7x2am
Slow Walk,Bill Doggett,Masters Of The Last Century: Best of Bill Doggett,Tn3ciuokpdazzzk5gun3pl3rlni
Fire On High,Electric Light Orchestra,Face the Music,Tukay7ertrwy36tjvupebfck2nu
Philly Dog,Mar-Keys,The Great Memphis Sound,Ty3uu5ij5ax5w26b3r5rjq7kxqq
Cause We've Ended as Lovers,Jeff Beck,Blow By Blow,Tcr7tgvvcelbzjgyedebijuddg4
Animal (220 Album Version),Phil Keaggy,220,Txjl6dijgwsj3id6bzw4ozorfpm
Cruise Missile,Steve Morse Band,The Introduction,Trem6wopkd53xtqxgskhmeud6wu
Some Kind-A Earthquake,Duane Eddy,Rock 'N' Roll Jukebox - Selection 3,Twmbs2eghinzfslmf67fm4thyfy
Heavy Juice,Tiny Bradshaw,Rock 'N' Roll Early Years - Volume 1,Tdnlp5kteablh4jvhdl6cupltza
Blue,Yngwie Malmsteen's Rising Force,Alchemy,T3spcrubbsqrei2gglc3fw3jisy
Speed Metal Symphony,Cacophony,Shrapnel Record Presents: Shred Guitar Instrumentals,Ttsaebvz63qkp3ysjjxljf655su
Bouree,Jethro Tull,Essential,Tkyfitiwy6lfiqv5nu6xxsviclq
K-Jee,The Nite-Liters,"Lost Soul, Vol. 3",Tnsbsrsoabvuhfjcubbb22yf5q4
Kon-Tiki,The Shadows,20 Golden Greats,Tiktmnuqqk2dxf4pamzccbsndtq
Ballero,War,Colección Latina,Tdayyek2fkpbddhytq4yl6w6l7i
Boot-Leg,Booker T & The MGs,"Groovin’, Vol. 2",Tbueharyryn7eeczgppgv4aqxdu
"Open Sesame (Original 12"" Extended Version)",Kool & The Gang,Open Sesame,Trlhjlweu2xzsbh56hy4epld22a
"The 2,000 Pound Bee",The Ventures,The Ventures Original,T4ftxrn7jghvrx7qnjzfkr3h3da
Underwater,The Frogmen,Rare Rock and Roll,Tag7wanv6muolwpcaekszib6koe
Wring That Neck (1998 Remastered Version),Deep Purple,The Book Of Taliesyn,Toynkxrq3zc4qm4qigoezyenw74
Righteous,Eric Johnson,Live From Austin TX,Trs4mkujzf6bo5jgldyq2sir2lu
Vaquero,The Fireballs,Blue Fire/Rarities,T2pztwh6wuvhsetf2hubw64n7f4
Ease Back,The Meters,The Meters,Tttg3wmujorraoszjtnflpoc5hm
The Wedge,Dick Dale,Night Rider,T5lo6hubxagnslai2ztbn6s6yqm
Toccata (2014 Remastered Version),"Emerson, Lake & Palmer",Brain Salad Surgery,Tc2wkta2cd2jrkmf4tlkfjppjpi
"Paradigm Shift (feat. Mike Portnoy, John Petrucci, Tony Levin & Jordan Rudess)",Liquid Tension Experiment,Liquid Tension Experiment,Toor6nk2kzilmday5uydxroxi3q
Point Panic,The Surfaris,Surf Party: Best Of The Surfaris - Live!,Tdhfrvplpa7x4sozx2jhsgksk5y
Quadrophenia (Live In London / 2013),The Who,Quadrophenia (Live In London),Tkn3itees4frsmghsu4ijyhwnqe
Cold Turkey,Johnny Otis,Hum-Ding-a-Ling. The 1957-1959 Rock & Roll Recordings,Twkeb2jhqg3p22u7dw5fre3wvjm
Guitar Boogie Shuffle,The Virtues,Rock 'N Roll Instrumentals - Gold Edition,Tcf6aktfjxmsumco5b3jlnaziau
Zoot Allures,Frank Zappa,Zoot Allures,Tblghbsjh72xcnbauvrwidoamam
Liberty,Steve Vai,Passion And Warfare,Thpteubyn25isoq55g47dkxsswm
Spreadin' Honey,The Watts 103rd. Street Rhythm Band,Express Yourself: The Best Of Charles Wright And The Watts 103rd Street Rhythm Band,Tn6ww2qnjwynoixw7w5jzdg7ci4
Taurus,Dennis Coffey,Goin for Myself,T62urufeaxq5freoh7cw3m2abs4
Bustin' Surfboards,The Tornadoes,Bustin' Surfboards / Phantom Surfer,Td5ep5eejwj4nf6k5k4h47cb4tu
America,The Nice,The Immediate Years CD1,Txadf2rhzsqddusdci2u4gcdjee
The Hunch,Hasil Adkins,Out To Hunch,Tips5ag6vhnvu36bapoiddrj2um
Europa (Earth's Cry Heaven's Smile),Santana,Ultimate Santana,Tkbawfsswey6bpyq2lmdtj7atda
Mr. Moto,The Belairs,Mr. Moto/Little Brown Jug,Tp52pjxlcn6scy4kgwco7juf2m4
The Swag,Link Wray,The Best of Link Wray,Tgjgm7u5nsq4lxvjjxh6mix4ise
Diamond Head,The Ventures,Gold,Tq6mjgmmttjzvgf2nl3kjh4yzpy
Liberation,Chicago,Chicago - 1968,Tajvzd7yu7qn5pe4ytknsdy2suu
Zeke The Freak,Isaac Hayes,Isaac Hayes: The Best Of The Polydor Years,T3ce527q7reqghe6kyut5u5h7s4
Lost And Found (S.F.L.),DJ Shadow,Reconstructed : The Best Of DJ Shadow (Deluxe Edition),Ttpeel7pjbja4fn73cybdguubdy
Freeway Jam,Jeff Beck,Blow By Blow,Tinswbd2dokdtmhy3ahozlelhce
Wheels,The String-A-Longs,Wheels,Tddex6h7bnebrjwwoaxvja6mopi
The Crush of Love,Joe Satriani,Dreaming #11,Txizi4nx3jw5mqd2ksfmpmlqqwa
Jellybread,Booker T & The MGs,"Groovin’, Vol. 2",To3soplrb6g62rwyoodom4izedy
Hot 'Lanta (Live),Allman Brothers Band,"Fox Box: 3 Nights Live at Fox Theatre in Atlanta, Ga (September 24, 2004)",Tskoac2yq6t6jrqno32tpvbbc2u
Underture,The Who,Tommy (Remastered),Ta43otrxeav6nrxmhkakp7elvoa
Black Star,Yngwie Malmsteen,The Yngwie Malmsteen Collection,T7c3o35h7y4ukbasdzee5nxwylm
Every Beat Of My Heart,James Brown,Soul Pride: The Instrumentals 1960-1969,Tcddsv4ywukzbem7mvh2m2qdkea
The Lonely One,Duane Eddy,Have 'Twangy' Guitar Will Travel,Tahspkjrs4uq74hljjuszbc5rzi
Nun Chuka Kata,Buckethead,Monsters And Robots,Tgyl2olq54bgz4xpupjbhbpuq44
Percolatin',Willie Mitchell,Hold It!,T7vyfuebjc33jt5oxqldhdkgt3i
Sun Goddess,Ramsey Lewis,The Legacy of Funk,Trkdm46tocz4k7h6kpv4v3zjtp4
The Wizard Turns On...,The Flaming Lips,At War With The Mystics,T2l6wefgqbbw473mcqlkyjiarmu
Tic Toc,Lee Allen,Walkin' With Mr. Lee,Tkq2oy2qkp6ogyinhaq5mbsdqxe
The Victor,Dick Dale,Night Rider,T6cwpejjfrnxefjewovtu7v4d6i
Perpetual Burn,Jason Becker,Perpetual Burn,Tvpatdor6udxasohaoemt5l3zeq
Stoked (Remastered 2001),The Beach Boys,Surfin' USA (2001 - Remaster),Tg3y44yt6jyqnmup4uaxh5iaspe
Chinese Checkers,Booker T & The MGs,"Groovin’, Vol. 1",Tpbzvbtl6twiktufz2gbypbqtb4
Six Days,DJ Shadow,Reconstructed : The Best Of Dj Shadow,Toxz6tmuygfpta6fisbtdzx25yi
I'm Alright,Neil Zaza,Live On Crooked River Groove,Tkie7vnfhnrwxgxhtqfhgoxa6wy
Albatross,Fleetwood Mac,The Pious Bird Of Good Omen,Taicieafdbvcoiqatnn2fovsn54
Mrs. O'Leary's Cow,Brian Wilson,Smile,Tokbhqaqmduawlyxhetnv55a3e4
Cecilia Ann,Pixies,Bossanova,Tizaudqghhn6vvbgkgitgl5enyq
Zap,Eric Johnson,Live From Austin TX,Thkn372nj23pfchhzr7tq537ywe
The Toussaint Shuffle (Instrumental),Toussaint McCall,Nothing Takes the Place of You,T5yws73ler6qaqz5bq3n7m3slue
Spunky,Johnny Jenkins,Spunky,Tghngyykwr2xav5qol5bgk3c3gu
Frog Stomp (feat. Little Rock),Unorthodox Poets Society,Left Hand Jim Crow: Nothing Sold,Tmikcbysjiqw44r2biyo2ccaeyq
Devil's Angels,Davie Allan & The Arrows,Devil's Angels,T3yslwurlskrmpzowy7bgnnsyaq
Rockhouse (Parts 1 & 2),Ray Charles,What'd I Say,T3xp3ufjnez4tcx75rjl5hyj5te
Epilogue for Lisa,Shawn Lane,Powers Of Ten; Live!,Tsey7m7nnbddcfzx2weouiuwspi
Soul Serenade,King Curtis,Soul Serenade,Tgdfsmyhjmonbwcm7k7xc2msqou
Harlem Nocturne,Johnny Otis,100 titres cultes Made In USA,Tx7y7fbswvvjtr4qzfko2jhadoq
