I Love America (DJ Meme Main Club Mix Edit),Hanna Hais,Love Paradise,T4w36otjauo2hyyriemyrb22fty
Limbe,S-tone Inc,Sobrenatural,Tc3n2lu4ful75g7qsxgngmdm7tq
Half A Minute (Joey Negro Sunburnt Mix),Matt Bianco,Joey Negro presents It's A Summer Groove Vol. 4,Tsbvac3r556dr3s2mditgiblrru
Got to Be Real,Cheryl Lynn,Cheryl Lynn,Thlgu7xcuru7ff6vfklkbfelc74
History Repeating (Knee Length Mix),Shirley Bassey,Where There's A Wall…There's A Way,Tr4rhm23h46hhttoy4nif33ecwa
My Ever Changing Moods (Single Edit),The Style Council,Greatest Hits (Digitally Remastered),Tfaissju6kiufijaeocwv72yepu
Let's Groove,"Earth, Wind & Fire",Greatest Hits,Tln3tj7ugtwscnoh5a7vqki7ecq
Lovefool,The Cardigans,Enron: The Smartest Guys In The Room,T4imrzfklofuyjmss7jxmsmi4fm
Good Times,Matt Bianco,The Best Of Matt Bianco,Ttszuyznz2ab336pf4micvqewpy
Don't Talk Just Kiss,Right Said Fred,Up,Tuw3cv4vtwoo2zq6pl7ezsd2ujm
Boogie Wonderland,"Earth, Wind & Fire",Greatest Hits,Tcduqbmuvyfx343kbtkki3j3rta
The One,All Good Funk Alliance,Pulverising! Green,Ttnah7xyazc2j6pp5v2fyqzbaay
Copacabana (At the Copa) (Long Version),Barry Manilow,Ultimate Manilow,Tvpevomsntaavx7ksjthzzhpzui
The Pleasant Pheasant,Billy Cobham,Crosswinds,Tgwovoovj3sfkzbi535fswwxpxe
Daylight,Bobby Womack,The Best Of Bobby Womack: The Soul Years,Tua2nxloiubzzikc6zeqom7zcl4
Boogie Oogie Oogie (Remastered 2004),A Taste Of Honey,A Taste Of Honey,Ttfetqjpmsc454hpzqwgr37xq7e
Bye Bye Brasil,"Bossacucanova, Roberto Menescal",Brasilidade,Tte33idc6e65be7jfcefswu4wbu
Lowdown (Edit),Boz Scaggs,Silk Degrees,T2xsiutuhm5jpegkqlojexkhcoe
Stomp!,The Brothers Johnson,Light Up The Night,T6ehny2piedmeuzyvwl4c7qucg4
Finally,CeCe Peniston,Dance #1's,Tl3rd5oon433dfcmkykhwca4dei
Good Times,Chic,Risque,T644xgcsbhotfxrwqaqpizbktbm
Lie Lost,Crazy P,Stop Space Return (Bonus Track Version),Tbgn4sb3fm4m3qccgwhaiylfglu
Saturday (Mousse Ts House Edit),Cunnie Williams,Exclusive House Vol.1,Tek7w5tufmj76khcvetwjthbcdm
Here I Am,David Morales,Here I Am,Tvngc6x7ijicv3wmoidtogejtai
Tenderness (Original CHIC Mix),Diana Ross,Diana (Deluxe Edition),Ttnpe6f72uqhamk4etjlr2onyvu
Coming Back Around (Domu Re-Beat Mix),"Domu, Pete Simpson","Papa Records Presents Sounds for the Soul, Vol. 4 (Selected & Compiled by Domu)",Ttklpfl3nc4bxoupqb2tsohqkte
Before Today,Everything But The Girl,Walking Wounded,T2zyuqhqhvp5vsv5rrubcw767be
Love Come Down,"Evelyn ""Champagne"" King",Get Loose,Tiy3twqnskxo54prmr7dazt6ydi
Day What a Day,Fabio Nobile,Day What a Day,T4sq5zyynk7cnkqicbdfkug3yke
Never Can Say Goodbye,Gloria Gaynor,I Will Survive,Tozjcz45vbhyphm56fya3mkuw6y
Crazy,Gnarls Barkley,Crazy,T2jbykni4hxukz3zap465uctjci
I've Got It Bad (feat. Alexander Sky),Groove Junkies,I've Got It Bad,Tsvotsa6czoeo6hjvw2s4b5ie7u
Always There (David Morales Remix) (feat. Jocelyn Brown),Incognito,Remixed,Tnu26kjeosxmstsl6xn7gzzzgo4
Indian Summer,The James Taylor Quartet,Wait A Minute,Tqt2thkcpjtepvcu7agzs5ncacu
Seven Days in Sunny June,Jamiroquai,Dynamite,Tvdlm4sic4yj6ttmyf3rdbeksea
Space Cowboy (Remastered),Jamiroquai,High Times - Singles 1992-2006 (Remastered),Thtt5h2v7f5vzjp6dkryugliscm
Rock with You (Single Version),Michael Jackson,Off the Wall,Tdb6wyj4p44umpuxuddjy63qetu
I Realized,Jiva,The Soul of Atlanta,Tpfgzvpgkqiyeq4snlqjlijbxby
Call My Name,Joe Bataan,Call My Name,T5xblzgxeb2buzzybvpccdbwx4u
Love Is In The Air,John Paul Young,I Hate the Music,Tfz3ybvheghfnbspiruzqz2e44m
"I'm A Wonderful Thing, Baby",Kid Creole And The Coconuts,Wonderful Things,Tfpk3i2dckntofi66wen2xy5nca
Misread,Kings Of Convenience,Riot On An Empty Street,Ty2cbfnnkql2mjaw2mlc2sg56qa
Celebration,Kool & The Gang,Celebrate!,Tbvo4ausgwmmobgipxu7axxjem4
I See A Different You,Koop,Freshly Composted 2 - Compost 250,Tgaflbqu3xc755vgo3idmhgflfe
On the Way to San Mateo,Lalo Schifrin,Bullitt,Tvzotebjyjcuxoe7jhfqy4pj3g4
You Make Me Feel Like Dancing,Leo Sayer,Endless Flight,T3s6i7dpjs3xm4i7oln5dnkibl4
Assedic,LES ESCROCS,Faites-Vous Des Amis,Tmjpm5b32ilebygjd5hq24faq4u
Smile,Lily Allen,"Alright, Still (Deluxe)",Tutj5cn2vo5rc4zk47xr6zdyfqi
28 Butts,Little Jackie,The Stoop,T3bdcssgrqzffxjeuqevwe2fzay
Love Boat Theme,Charo Baeza,Super Veranos,T35rnkuee7eoqag3oqgecifikhm
See You When I Git There,Lou Rawls,The Essential Lou Rawls,Tvcc4v44lbmka2ljdcarcqvwc2i
I Want You,Marvin Gaye,I Want You,T6qmwkzfcvc2rqz3wopvckn6wz4
Mercy Mercy Me (The Ecology),Marvin Gaye,What's Going On,T4chdqrk774twpils422ea26l5e
Escapism (Patchworks Boogaloo),Metropolitan Jazz Affair,Find a Way,Thq2sqo6ibg332n4gxaqhxznhbu
Fourmi Rouge,Metropolitan Jazz Affair,Bird of Spring,Tk3ihe7nyqopeduxlumn7myi5xq
Billie Jean,Michael Jackson,Thriller,Tk6ur4xurdj52rye63dqoi3cvmm
What About This Love? (Extended Version),Mr. Fingers,What About This Love?,Tkou3s3w3ogurrhf4ez6sg7l6j4
Run To The Sun,N.E.R.D.,In Search Of...,Tjjppvbpt4y2cqey4lfckpwpoge
Like Leaves In The Wind,Nicola Conte,Rituals,Tgfcgghcu765zpnwpze5lnasohy
Rock With You (feat. Brandy & Heavy D),Quincy Jones,Q's Jook Joint,T3s6vhnx4yzhmfbaluwywj2idmy
Never Gonna Give You Up,Rick Astley,Whenever You Need Somebody,Tazi6x7hjg23a2cdkm7prn7bqyy
Get Some More,Funk Inc.,Urban Renewal,Tu3l5gfx6c4kj3q6pjufaveyglq
Whatta Man (feat. En Vogue),Salt-N-Pepa,Very Necessary,T3v3pnnnrprbl4qewckhf3cyuqa
Down on the Street,Shakatak,The Best Of,T3lwovezj3mcyj2t3uaev6csmy4
If You Want Me to Stay,Sly & The Family Stone,Fresh,Tjdnsjda5p2ahhbdgownqocxrke
The Sound of Milwaukee,Fatboy Slim,Better Living Through Chemistry,Ttaokju6k7zfpk2vde2ji2mjnvy
I'll Be Around,The Spinners,The Very Best Of,Tlopel6tjp4kfsy4gy3etmagmla
Caipirinha,Swing Out Sister,Where Our Love Grows,T67bjhnqktkea6m7ckm4f3jl7yi
Heaven Must Be Missing An Angel,Tavares,Anthology,Tje5iao55bz5y24esnemzgifsde
Why,Tortured Soul,Introducing Tortured Soul,Tbvrigqcaw7u4viofmsmj5ebiu4
Souled Out,Tower Of Power,Souled Out,Th7a3qgjqox2bdgqzdxngwsbtqu
Cantaloop (Flip Fantasia) (feat. Rahsaan & Gerard Presencer),Us3,Hand On The Torch,Tzup26gkyfowm47jfab2xeizddu
Eleven Long Years,Us3,Hand On The Torch - 20th Anniversary Edition,Tv66a4fiejdl532xuvp6tiaeuti
"Ain't No Fun (If the Homies Cant Have None) (feat. Nate Dogg, Warren G & Kurupt)",Snoop Dogg,Doggystyle,T4jwswjwwl6mabkvks57hk7wafe
Songe,Zap Mama,,6c65cb1b-58d5-3eef-a0cb-dce68fd65d7b
Fantasy,"Earth, Wind & Fire",Greatest Hits,T2evnuw5lo3qgwbb7h6ypdqc5mu
Am I The Same Girl?,Swing Out Sister,As 100 Mais Da Antena 1 - Volume 3 (Álbum 1),Tfhopgt27ehdoi6y2jb6obvqq2a
September,"Earth, Wind & Fire",Greatest Hits,Tv7mjof5mr2ljozar2mwbyddr44
Last tango in Paris,Gotan Project,La Revancha Del Tango,Tewtbr5igmumfal7ktiunkk5zvm
Rain Cat (Enea Dj Remix),Abertico Project,Midnight Loungin,T2d4rb35327npez6u53qxmutngq
Reversed (Nostalgia 77 Remix),Elizabeth Shepherd,"Nostalgia 77's One Offs, Remixes & B-sides",T7blbh23pxmfdpo4myp4c4xxvnm
Ascension (Don't Ever Wonder),Maxwell,Maxwell's Urban Hang Suite,T6utayayrlyfmpovgj4ulacpatu
