What's Going On,Marvin Gaye,What's Going On (40th Anniversary),Tn3js66ju2stp62qjbzffpxzwxy
Let's Stay Together,Al Green,Let's Stay Together,Tqoqj75a6pg6cfp7bmtwiostl2q
If You Want Me to Stay,Sly & The Family Stone,Fresh,Tjdnsjda5p2ahhbdgownqocxrke
Mercy Mercy Me (The Ecology),Marvin Gaye,What's Going On,T4chdqrk774twpils422ea26l5e
I Want You (Single Version),Marvin Gaye,I Want You (Deluxe Edition),Tb3suhmrqxcw4r47eq5vyiigu7u
See You When I Git There,Lou Rawls,The Essential Lou Rawls,Tvcc4v44lbmka2ljdcarcqvwc2i
Let's Get It On,Marvin Gaye,Let's Get It On,T7mwqne7oltlxzzmah2x4r5vlmi
You'll Never Find Another Love Like Mine,Lou Rawls,All Things In Time,T4q3l6rawvlwcxxtqbu2zu3w5vq
I Can't Wait Until I See My Baby's Face (Remastered),Aretha Franklin,Runnin' Out Of Fools,Tdcqkudkl75put4j7kpg42boioe
Be Thankful for What You Got (Pt. 1 & Pt. 2),William DeVaughn,Be Thankful for What You Got,Tg2yju2f7fadm7fef43wmftekm4
Protection (Feat. Tracey Thorn),Massive Attack,Protection,Tksv6wono4b3rmomscgxldvwkwa
Before Today,Everything But The Girl,Walking Wounded,T2zyuqhqhvp5vsv5rrubcw767be
