White Room,Cream,Best of,Tem57nusq6owmofrjc66bulveoq
Saturday (Mousse T's Welcome to the Star Hotel Mix),Cunnie Williams,Tatort - Zorn Gottes,T7fnuuz6u62gyzef4f7plc2zxj4
With or Without You,Cunnie Williams,When Lounge Meets Pop Vol. 5,Tismmnh6c5e3cacnpwxnbcke2ri
Superfly,Curtis Mayfield,Da Funk!,Tyj5fyrubczeartxhqjzsxr4iiy
Organ Donor (Extended Overhaul),DJ Shadow,Pre-Emptive Strike,Ty5ipju2asb5liarpz62fs6m4hm
As The World Falls Down,David Bowie,Labyrinth,Tugeih7icbkyend2zwwm6rng2zy
Heroes (Live),David Bowie,Rock Clássico,Tfmpof2d5vty4frvkaqra6d57gi
Soul Love ,David Bowie,The Rise And Fall Of Ziggy Stardust And The Spiders From Mars (2012 Remastered Version),T453xsxfeiawy7pa5keo2hrplcu
The Man Who Sold the World (1997 Remaster),David Bowie,The Best Of David Bowie 1969-74,Tdsrn3gb6j62zkurmwezu45kgwm
"Rachmaninov: Piano Concerto No.3 in D minor, Op.30 - First Movement Cadenza",David Helfgott,Shine - Original Motion Picture Soundtrack,Taexm7bq2cxzurcyundkca72a4q
King of the Road,Dean Martin,(Remember Me) I'm the One That Loves You,Tl2hi7yzkqhetwyykn2smwhj4pi
It's Fucking Borin To Death,Defalla,Hot 20 - Defalla,Tj2ygtjk2tm2nt4gqdtsycw7k3y
Moonlight Serenade,The Matthew Herbert Big Band,The State Between Us,Tx4r3t3t7y4ds3mna7ivfhlibsi
Super Strut (Ao Vivo),Eumir Deodato Trio,Ao Vivo No Rio (Ao Vivo),T7g3vrhptkjc3vjbqo4dweltytu
Never Let Me Down Again (Digitalism Remix),Depeche Mode,"The Best of Depeche Mode, Vol. 1 (Deluxe)",Tf4ogufwtahz77m3ztwcohims7i
Everything Counts (Oliver Huntemann & Stephan Bodzin Dub),Depeche Mode,"The Best of Depeche Mode, Vol. 1 (Deluxe)",Tj5vvmypvdp6cj67rgy6o64nf7i
You Can't Hurry Love (2003 Remix),The Supremes,Motown The Musical – 100 Originals,Tgqcie3zsjnrxap37ale2rexcdy
Tenderness,Diana Ross,All The Great Hits,Teamqs447cwzcadt6dukdrdoeg4
Where I'm From (LP Version/2005 Digital Remaster),Digable Planets,Beyond The Spectrum - The Creamy Spy Chronicles,Tr77qzmxuy53xikhdwyiyxnde3a
So Far Away (Full Version),Dire Straits,The Best Of Dire Straits & Mark Knopfler - Private Investigations,Tabymo2ndvvo4qbmawnqlyu6oci
Money For Nothing (Edit),Dire Straits,Sultans Of Swing - The Very Best Of Dire Straits,Tljg3aoetjefcindu7qeav2ilfq
"Once Upon A Time In The West (Live At Hammersmith Odeon, London/1983)",Dire Straits,Alchemy: Dire Straits Live,Tki2pnnjm2pcv7uggtl4qctba6u
Quanto Tempo (mix),Doces Cariocas,Doces Cariocas,Tteptud7n2ceer4kpxlkgda6iqe
"Love, Love, Love",Donny Hathaway,Rare 70's Soul,Tttazvhvt6gh4y2nn7ndz4vfkdu
"Ship of Fools (Live at Felt Forum, New York CIty, January 17, 1970 - First Show)",The Doors,Live In New York,Tsi5ebdg5m2zh6eq3axqkz2rvi4
Some More,Jteen The Kid,Get A Try 2,Tg74rjpo4brrmrvrks6mj6rrbbq
Caravan,Duke Ellington & His Orchestra,Ken Burns Jazz-Duke Ellington,Tdv32knqzumzw65zt4lgzrkjqv4
A View to a Kill,Duran Duran,Greatest,Tq4uynywhzhvqea23egfcclbdx4
Am I The Same Girl,Dusty Springfield,At Her Very Best,Tldcna5yvgt2meum6fhnb57yd6u
Son Of A Preacher Man,Dusty Springfield,At Her Very Best,T2t5fnv7wugn4gvfe2w2rvnukze
Spooky,Dusty Springfield,At Her Very Best,Tj3rmmr75pbnqqpde5ao4fjk3si
"Hotel California (Live at the Los Angeles Forum, 10/20-22/76)",Eagles,"Hotel California (Live at The Los Angeles Forum, 10/20-22/76)",Trlom3yslfhgfq5i6hgbabog7ga
C'est Si Bon,Eartha Kitt,"Classic Music of Black Origin, Vol. 4",Txrlrpndl6ol3ie3vhjdp3bzngm
Rescue (Transformed),Echo & The Bunnymen,"The Stars, The Oceans & The Moon",T4dpkb5u4vmb2m3fppktbbd6k5a
The Game (Acoustic Demo),Echo And The Bunnymen,Rock Unplugged,Tritsfmafuki2y6dxgm3wemxija
The Killing Moon,Echo And The Bunnymen,Ocean Rain,Tvd4d5fcivglloeh5r6yd3iysry
A Charada,Ed Motta,Aystelum,T3c4ijdhkm5nbbbn3axtnc7mc2y
The Valleys,Electrelane,The Power Out,To6ciz56zjdam4zgjq7rk5s5qfu
Between the Devil and the Deep Blue Sea,Ella Fitzgerald,"Divas, Vol. 4",Tv5d6ekydrynx4npnjobtztjyku
Mack the Knife,Ella Fitzgerald,125 Ella e Louis Classics (The Beautiful Songs Remastering 2014),Tj6i2rpxkwwpbopuo2ts7fhopuu
Stuck on You (Remastered),Elvis Presley,Radio 60's (64 Hits),Thvazmqxfqemqabag6nzyw53v3y
"Enter Sandman (Live FM Broadcast Remastered) (FM Broadcast Woodstock Festival , NY 13th August 1994 Remastered)",Metallica,"Legendary FM Broadcasts - Woodstock Festival , NY 13th August 1994",Tgwa33vl5vflybcbkgwpny3x5eq
Deborah's Theme (Live),Ennio Morricone,85th Anniversary (Live Concert in the Kremlin Palace),Tjpa3ythhga7j2m3wjh2ter7tda
"Man with a Harmonica (From ""Once Upon a time in the West - C'era una volta il West"")",Ennio Morricone,Man with a Harmonica,Ty4pfa6r5x32qihjsse3zzglaem
Paid In Full (Derek B's Urban Respray Version),Eric B. & Rakim,The Remixes (1987-1992),Taocbi7jmqrum3muvojdhh2moge
I Shot The Sheriff,Eric Clapton,461 Ocean Blvd. (Deluxe Edition),Tw6dqry4cbmzjti73uhv4m7atfe
September Song,Erroll Garner,Joyful!,Th53mbp6ylo22zrrm7biur4iwfi
I Know You Know,Esperanza Spalding,Esperanza,T4mkoc3ywddxnjdktt3ovz346sq
American Boy (feat. Kanye West),Estelle,Shine,T6q6ijphd6fpnxa4fkdsbfirs7m
No Substitute Love (Treasure Fingers Dub),Estelle,No Substitute Love,Try5fi3v4guldczlvslxnlgrf7y
Also Sprach Zarathustra (Ao Vivo),Eumir Deodato Trio,Ao Vivo No Rio (Ao Vivo),Tlvgb3y5antyhr5ovyjd5ngvxa4
Before Today,Everything But The Girl,Walking Wounded,T2zyuqhqhvp5vsv5rrubcw767be
When All's Well,Everything But The Girl,Love Not Money,Tmjl5tnfuvqxjlbn2ydrqsvdoe4
More Than Words (Radio Edit),Extreme,Extreme II: Pornograffitti (Deluxe),Tehlajj6x5ptyls6qbs5h5yn7qu
Perfect,Fairground Attraction,The Best Of The 80's,Tuxv6eo5vrhyhhovbociugt3aja
"I'm Crazy 'Bout My Baby / Tea For Two / Believe It, Beloved",Fats Waller,"On The Air, Vol. 1",Tqkbnqjtkwcfd6fg7nrwple3qfe
Só Tinha de Ser com Você,Fernanda Porto,Show de Bola 2002,Tsgpn2luaqvoxmx5pz7okixjuvm
Wild Life,Wings,Wild Life,Tktauraaoeljla2bmk7jpe5flpi
Hearts of Stone,Fontaine Sisters,The Remarkable Fontaine Sisters,Twl573qtseapfn5rck22i3cissu
Band On The Run,Paul McCartney & Wings,Band On The Run (Standard),T5wk3xq4pc725dczen2r6ti3d4e
I've Got You Under My Skin,Frank Sinatra,Ultimate Sinatra: The Centennial Collection,Tit2dfwwz6aclyw6bterqs7g64a
Can't Take My Eyes off You,Frankie Valli,In Season: The Frankie Valli and the 4 Seasons Anthology (HD Remastered),Tp4obxf56eedcqwea74d3p4xlfy
Breathe In,Frou Frou,Details,T2pma54vsr3556p6q532fmjozhu
Ankle Injuries,Fujiya & Miyagi,Transparent Things,Toqlyq6epy2zs6juwimqv7iv7xi
Volare (Nel Blu di Pinto di Blu),Gipsy Kings,Greatest Hits,Tw667fyhwxdlk3yatjhncuo3p2y
Vapor Barato,Gal Costa,A Summer in South America,Tp3vismj7xdbe4mjz5rr65ha2oe
Nosso Louco Amor,Gang 90 & Absurdetes,Essa Tal de Gang 90 & Absurdettes,Tcwk3sdnzgzqyj2g5g3ymoxwzaq
Damaged Goods,Gang Of Four,Damaged Goods: Post Punk Sounds,Tvbsgldplhlpwzxqonaqgzbxsy4
I Found That Essence Rare,Gang Of Four,Entertainment!,Tvtmbotoqmo4zqkys5qjchuqhva
Special,Garbage,Absolute Garbage,Tkmydgtxd2trrzknetqkfigvhkq
What Is Life (Live In Japan/1991/Digital Remaster 2004),George Harrison,Live In Japan,Tg2pxofstjhzddyrcrn4vnalgga
"Ping One Down (BBC Live Evening Session,United Kingdom/2002)",Gomez,Sound Of Sounds/Ping One Down,Tqjv66r4uamouypsc2oov752hh4
The Love I Lost,Harold Melvin,American Legend,Tn5gxycucomwdf4nmewb4ivir2q
Fallin' For You,Heather Headley,This Is Who I Am,Tvmj2qeobq5xq6h4zgfhychs42u
Experiment in Terror (REMASTERED),Henry Mancini,Platinum & Gold Collection,T5nftreoqevvjmxlzlcpuu55gbq
Love Is Stronger Than Pride,Herbie Hancock,The New Standard,Tfyjry77tn2cvim7pqbj3l3sexi
Mercy Street,Herbie Hancock,The New Standard,Tcnfj6tyj6m45pdbo6m2d46sy4y
Dos Almas,Ibrahim Ferrer,Mi Sueno,Tiegeqgxwh3ibm23iwtsvo2jxaa
"Search and Destroy (Morgan Sound Studios, Ypsilanti Michigan March 1973)",The Stooges,Heavy Liquid,Ttpxxbbrp2mx54zs6ulici5f6lu
I Wanna Be Your Dog (Rare Version),Iggy Pop,Anthology Box - The Stooges & Beyond,Ti2foxof34kgxlgzujh7fznlla4
Cry For Love,Iggy Pop,Live Ritz NYC 86,T6ipnpa2aqgymcfo2lcwluo2xsq
Yellow (feat. Terrell Carter),India.Arie,"Testimony, Vol. 2: Love & Politics",T7mchelvmqeeaacyei33wqzq4ri
Harmonise,Chillout Lounge,"Chillout & Relax - Timeless Jazz Tracks to Soothe the Soul, Relieve Stress & Anxiety, Inspire Mindfulness, Stop Negative Thoughts and Help with Study",T7mhytcb6zanfhqagyn7jqf7k44
Tarde vazia (Ao vivo),Ira!,Clandestino,Tom5oq77ifhru2qfc7bcuukwwmi
Quinze anos,Ira!,Sucessos em Dose Dupla,T2af2aw2dnslsbqjbmrpe5fbo34
Phantom of the Opera (Live at the Hammersmith Odeon) [1998 Remaster],Iron Maiden,Somewhere Back In Time - The Best of: 1980 - 1989,Txrkt6njyd6kzipnliphn43eape
Blue Bossa,Smooth Jazz Music Academy,"Lounge Restaurant: Dinner at Sunset - Romantic Mood, Chill Time, Evening with Wine, Perfect Smooth Jazz",Tbdow4dhqvtyoo6a3rdhz4gl72m
Sandy,Jumbonics,Summer Dream (Love for Jazzy Beats),T7knesztpdzrmypgl7xutatalom
I Got You (I Feel Good),James Brown,The Best,Tpns7cvo3vptri2uykrttw3mili
Out Of Sight,James Hunter Band,Believe What I Say,Tkklcxigusfchkywbjxodlrorhy
Seven Days in Sunny June,Jamiroquai,Dynamite,Tvdlm4sic4yj6ttmyf3rdbeksea
