Oh My Lover (Peel 29.10.91),PJ Harvey,The Peel Sessions 1991 - 2004,Tlipvb5ksraseouvbrx6gga6c4i
Victory (Peel 29.10.91),PJ Harvey,The Peel Sessions 1991 - 2004,Tnbslejp3tiqrihib5oqx3ip46a
Sheela-Na-Gig (Peel 29.10.91),PJ Harvey,The Peel Sessions 1991 - 2004,Tmd3t6ei6j3ldfd4bwdko4ynnxm
Water (Peel 29.10.91),PJ Harvey,The Peel Sessions 1991 - 2004,Tfjqhufumsroa7fwm7mra5kplfa
Naked Cousin (Peel 2.3.93),PJ Harvey,The Peel Sessions 1991 - 2004,Tei2cicwybcrqtk6agnvngexsfi
Wang Dang Doodle (Peel 2.3.93),PJ Harvey,The Peel Sessions 1991 - 2004,To775jq5ksvmhav6zbfhx7nhtje
Losing Ground (Peel 5.9.96),PJ Harvey,The Peel Sessions 1991 - 2004,T423rfvehb65al32dh5m6cbs3sy
Snake (Peel 5.9.96),PJ Harvey,The Peel Sessions 1991 - 2004,Tcf5endnneqcljgwtgpm6g7px5m
That Was My Veil (Peel 5.9.96),PJ Harvey,The Peel Sessions 1991 - 2004,Tprjtv62i3xdq5jp6hkm62tfllu
This Wicked Tongue (Peel 10.11.00),PJ Harvey,The Peel Sessions 1991 - 2004,T66t4fco7uzb2cktquenmozhpxu
Beautiful Feeling (Peel 10.11.00),PJ Harvey,The Peel Sessions 1991 - 2004,Ttjweekc4s4ruxvasgaavc5tuea
You Come Through (John Peel Tribute 16.12.04),PJ Harvey,The Peel Sessions 1991 - 2004,T2xvwplel4nnlctsvu6bb7thcki
God Bless the Child (1997 Remastered),Sonny Rollins,The Complete RCA Victor Recordings,Tg5t3w4ofrixlutgqjn7x4w7mlq
Dig It (Remastered 2009),The Beatles,Let It Be (Remastered),T5bg7xsahb6rshyzmmqhxd5ndqu
Sabr√° Dios (Remastered),Los Panchos,40 Canciones Inolvidables,Tfxi6o5b6fjtq3clemd3qmkqxk4
Aquellos ojos verdes,Los Panchos,Boleros Queridos,Th34x5gt3lm5l7q7y2pycnnq4hm
"Whole Lotta Love (""Top Gear"" Live from BBC Sessions)",Led Zeppelin,BBC Sessions,Tgpwknceds7l3eg6tmpidvkrh2m
"Communication Breakdown (""Top Gear"" Live from BBC Sessions)",Led Zeppelin,BBC Sessions,T2yyrpxlilyxj5xr7bqnr4bcioe
Hound Dog (BBC Sessions),The Jimi Hendrix Experience,BBC Sessions,Tthbjelhwqzbwyb3yxrdryj3jwq
Purple Haze (BBC Sessions),The Jimi Hendrix Experience,BBC Sessions,Tnzvcrktxbjqo4s4offje4ap3me
Day Tripper (BBC Sessions),The Jimi Hendrix Experience,BBC Sessions,Tzdxcbeoegsj3vjhubjhisssyni
Hey Joe (BBC Sessions),The Jimi Hendrix Experience,BBC Sessions,Tghmuhtg7ayryakpksbuwkptnwy
My Generation (Radio 1 Jingle),The Who,BBC Sessions,Tl44fxjhbfowpfjuduzibuapylm
My Generation,The Who,BBC Sessions,Tpqnnnil3l5xiec62k7ruv2hdzq
Substitute,The Who,BBC Sessions,Tii6463tx5macwzr7cmht2snqd4
Strange Brew (BBC Sessions),Cream,BBC Sessions,Tcxtmx5wkglatnbf4hw3a2flmnu
The More I See You (Peel Session 3),Orchestral Manoeuvres In The Dark,Peel Sessions (1979-1983),T7l4m7hpgiawk52t4atpqucv4q4
Enola Gay (Peel Session 2),Orchestral Manoeuvres In The Dark,Peel Sessions (1979-1983),Thdtnbd6bolf7vm6wfai3ktrkxe
Submission,Galaxie 500,Peel Sessions,T4xzellzq5sl4h7by37lhmc2xne
When Will You Come Home,Galaxie 500,Peel Sessions,T2xcta4houixcz2ogk5z4mqwlpq
Theme From Peter Gunn (Kings College John Peel 11/10/01),Pulp,The John Peel Sessions (BBC Version),Thihlwydz4epvcv35snp5n5olei
Babies (John Peel 21/04/95),Pulp,The John Peel Sessions (BBC Version),Tfb3rig556npl5oynofmoz5f2ce
"Monkey Man (John Peel Session, 23 May 1979)",The Specials,John Peel Session (23 May 1979),Tzucxdj2nrmauczdcucp4vsshbq
Waiting For The Man (Sounds Of The Seventies 25.03.70),David Bowie,The Complete Unreleased BBC Sessions (Hd Remastered Edition),Tia2yqp6szjc3aycruax4hpdwoy
Kooks (Sounds Of The Seventies 21.09.71),David Bowie,The Complete Unreleased BBC Sessions (Hd Remastered Edition),T5hcfp2sjzluxqwbf5qqbnazmom
Starman (Lift Off With Ayshea 21.06.1972),David Bowie,The Complete Unreleased BBC Sessions (Hd Remastered Edition),Ttde7ffk3guzvtcbez7oo6lovva
White Light White Heat (Sounds Of The Seventies 18.01.72),David Bowie,The Complete Unreleased BBC Sessions (Hd Remastered Edition),Td652om3ogy3xi3mfpwz3rsycfq
"Lights Out (John Peel Session, 1 June 1977)",UFO,John Peel Session (1 June 1977),Triwdfmzgxqdwu33suy4sbua2um
Hush (Version One) [BBC Top Gear Session],Deep Purple,The BBC Sessions: 1968 - 1970,Tbmsrc4ulteaw7lju3ukko4vjte
Hey Joe (BBC Top Gear Session),Deep Purple,The BBC Sessions: 1968 - 1970,T2gjl37xataladcpr5jopvrgbfy
Son Of A Preacher Man (Live),Dusty Springfield,The Complete BBC Sessions,Tymnzm63npi7hawyp6s3e6jl7ha
"Astronomy Domine (14May67 ""Look Of The Week"")",Pink Floyd,Complete BBC Sessions 1967 - 50th Anniversary Edition (Hd Remastered Edition),Tt5pbgdufco7hm22ac2vzooty6a
"Jugband Blues (20Dec67 ""Top Gear"")",Pink Floyd,Complete BBC Sessions 1967 - 50th Anniversary Edition (Hd Remastered Edition),Thads5456tsgvokuezda5hxclwa
"Suffragette City (Sounds of the 70s - John Peel, Recorded 16.5.72) [2000 Remastered Version]",David Bowie & The Spiders From Mars,Original John Peel Session: 23rd May 1972,Tefl3clctsnnud7bgp57czh5tta
"Ziggy Stardust (Sounds of the 70s - John Peel, Recorded 16.5.72) [2000 Remastered Version]",David Bowie & The Spiders From Mars,Original John Peel Session: 23rd May 1972,T23gtw5i6sn62wpkyqyg3qx5anu
Wave Of Mutilation (Peel Session),Pixies,"Doolittle 25: B-Sides, Peel Sessions And Demos",Th4cfyid24judyle3xw6jjxbnju
Debaser (Demo 1),Pixies,"Doolittle 25: B-Sides, Peel Sessions And Demos",Trccdxs7e2tlulnbqndha77vdfe
