Three MC's and One DJ,Beastie Boys,Hello Nasty,Tzapdizalggbuvcl4ymlagmffiu
Spinderella's Not A Fella (But A Girl DJ),Salt-N-Pepa,A Salt With A Deadly Pepa,T6fnodb444wqsz6sw3ow5d3psn4
Too Many Djs,Soulwax,Much Against Everyone's Advice,Tlcqy4h4gzhrr2qliyyoez67o44
The Adventures of Grandmaster Flash on the Wheels of Steel,Grandmaster Flash,The Sugar Hill Records Story,Tz6476nciakhxtxhlh66jqgyxoq
Superjock,Reuben Bell,Countdown to... Soul,Tir7o4kg2s2afh3tebnmmzv4gha
Last Night a D.J. Saved My Life,Indeep,The Collection,Tgtcikkaq6szf6alk43ta4gsyuq
Autobahn,Kraftwerk,Route 66 - Highway To Hell,Th5m6a5et5glxlpupkovc2k53xu
I Feel Love,Donna Summer,I Remember Yesterday,Tfkiuephg6gshle73rs3jnxsdyu
O Superman (For Massenet) (Remastered Version),Laurie Anderson,Talk Normal: The Laurie Anderson Anthology,Tsfp7v2glzkzop4bvqdgdpxh37i
Strings of Life,Derrick May,Innovator (Mayday),Tp5cnaol4w46sf6rkqswtvrr7ny
Army Of Me (Live),Björk,Post (Live),Tkji2tb2v5ach4gobosyxn2unne
Each Moment Like The First,The Animal Spirits,The Animal Spirits,Tvlihzrhyy64m7rypzel6f75m4y
My Baby Just Cares for Me (My Baby Just Cares for Me),Nina Simone,Little Girl Blue (Remastered 2013),Tn2twah6jev6u7vuluyjjarzk3a
Coffee Cold,Galt MacDermot,Shapes of Rhythm/Woman Is Sweeter,Td2vkvjz7h5xttp27mazxg7647e
Linus And Lucy,Vince Guaraldi Trio,A Charlie Brown Christmas (2012 Remastered & Expanded Edition),T4az2r4frtvjcylpydqlevvu4vm
"Philosophy (inc Misirlou) (Live at the Moore Theatre, Seattle, WA - March 2002)",Ben Folds,Ben Folds Live,Tkikmtqb5azq2yla36zhm5jm7dq
Flowers In The Rain (2007 Remaster - Mono),The Move,Move (2007 Remaster),Tks6oi4jez7mnyiqdqu3sos453y
Push th' Little Daisies,Ween,Pure Guava,Tlfei45firpef2lycrnm63z5hl4
Play In The Sunshine,PRINCE,Sign 'O' The Times,Txkl5jivkkehnixq6ypqahu7zcy
It Might As Well Be Spring,Nina Simone,Nina Simone - The Early Years,T3v7d3rzpj5a2slb6zqs34xmeci
Green Garden,Laura Mvula,Laura Mvula with Metropole Orkest conducted by Jules Buckley at Abbey Road Studios (Live),Tz4j3gk7iyt4k2sszr6nornyw5i
Les Fleur (Radio Edit),4hero,Total Woman,Thhagrxl6a6bze3et4vh277mxvm
"Quark, Strangeness and Charm",Hawkwind,Spirit of the Age - An Anthology 1976-1984,T5lx6wfo23tozuuaw3yaq7w27zu
Galaxy Song,Monty Python,Stephen Hawking Sings Monty Python… Galaxy Song,Tqwqf4eokhvl2ztoybunbdnpena
Let X=X,Laurie Anderson,Live in New York,Tzym4skr6k4m7arjjojaobuz2z4
E=MC2 (feat. Common),J Dilla,The Shining - The 10th Anniversary Collection,Thdojelwn3sjjp5b64ga5czu6ue
Chain Reaction,Diana Ross,Eaten Alive,Tjtu7quy7geu2t4ofjbg7ezgqx4
We Have All The Time in The World (2003 Digital Remaster),Louis Armstrong,On Her Majesty's Secret Service,Tfsgc5jyhybh4tw3ww36nanmsmy
Up Above My Head I Hear Music In The Air,Rosetta Tharpe,"Saga Blues: Original Soul Sisters ""Singing In My Soul""",Te6dmts6ii6bvedtzna75n5iyvu
Gimme Shelter,Merry Clayton,Gimme Shelter,Toco43viyvwr6bjuonnlbuhyocy
The Kiss (Remastered Version),Judee Sill,Heart Food,Tuci2xdf256c3w4zptjdgphca64
Gotta Find Me A Lover,Erma Franklin,Brunswick Top 40 Singles 1966-1975,Tjvdwxyxjiecx5beua7bges5lei
Ladies First,Queen Latifah / Monie Love,All Hail the Queen,Tmykfyo6fj6nvikgqjj6oqpp62y
Deceptacon,Le Tigre,Le Tigre,Tek4v3bspkkicn7ovyw6zqnjuvu
Ice Dance,Danny Elfman,Edward Scissorhands,T3rzu5gwuidw7457pdr3ryswmgy
Winter Trees,The Staves,Dead & Born & Grown & Live,Tsq63w4mj2zyfawv2tymmihlokm
In the Bleak Mid-winter (Live),Bert Jansch,Chambertin Live,Tbdok7yevhc7npemu4krqjs5zte
Out in the Cold Again,Sam Cooke,Sam Cooke Vol. 2,T2mi3hyxpbj4ssvky24zfmh2dnm
Last Snowstorm of the Year,Low,Trust,Taca3gtynyth7qxljfjc7w3frgq
Frozen,Madonna,Ray of Light,T7xd6x53tvmbtnjrpihaqk4g3xi
Slippin' and Slidin',Little Richard,Forever Rock and Roll Vol. 1,Tvsnnr3hwyftbyhqdwsyn3d2zyu
Turn on Your Love Light,Bobby Bland,Here's the Man,Tmvv3mtekp57y6dclbx6cldxak4
Born To Hand Jive (From “Grease” Soundtrack),Sha-Na-Na,Grease: 25th Anniversary Deluxe Edition,Tuslxnnrfrzj6ozsjhsekawsina
Pretty in Pink,The Psychedelic Furs,Talk Talk Talk,Tjbilffopmvvws3n3g5p2dtegvm
Time After Time,Cyndi Lauper,The Essential Cyndi Lauper,Tnsyixolnmgntt6dhrbsqbsqxhe
Love's Unkind,Donna Summer,I Remember Yesterday,T5rzhsrtd4ddy2oefp23ah3f3ui
The Breaks,Kurtis Blow,The Best Of Kurtis Blow,Tgsxannl6t5vdgo2nshc34jbxbq
Have A Nice Day [Remix],Roxanne Shanté,Bad Sister,Th77tfjtdhh2vwvojqtfxobd3sm
Code Of The Streets,Gang Starr,Hard To Earn,Tkre6wh2yp23wx7f2flrsriazjy
Shimmy Shimmy Ya,Ol' Dirty Bastard,Return To The 36 Chambers: The Dirty Version,Tid2lbqdxst2vcgt3vpsebfpq6m
Ladies First,Queen Latifah,Rhino Hi-Five: Queen Latifah,Tagleeypdrhaq7aljvu4hyfzboe
An Open Letter To NYC (2005 Remaster),Beastie Boys,Solid Gold Hits,Tqhmda4dy77k6v27fhxgwqmuu5u
Happiness,The Pointer Sisters,Hits!,Tfl6afr4zh7pdrihbigbtfdnf6a
Oh Happy Day,Edwin Hawkins,Fresh Takes,Txnvwtrav3bmplvwyl2evtawgya
Alarm Call (French Edit),Björk,Alarm Call (Version 3),T342e2gahidm2mqfdtsamve3yd4
Everybody's Happy Nowadays (2001 Remastered Version),Buzzcocks,Singles Going Steady,T5253dmer7hmbp2dgzi7sbanvey
Happy Man,Chic,C'est Chic,Tloccmy2ngggxaetlovwyuhg6ci
On Days Like These,Matt Monro,The Very Best Of Matt Monro,Tqnpp2odooffysbh2hza57eegui
Blade Runner Blues,Vangelis,Blade Runner - Music From The Original Soundtrack,Tsgumcm7hcp2gl2rq5arpfqwxfy
Utopia,Goldfrapp,Felt Mountain,Tdq6c43qwzulfsvo5od6xudfwoi
30 Century Man,Scott Walker,Scott Walker - The Collection 1967-1970,Tr2d2vzblwp74yuq2v3fuejyvpa
Cantina Band,London Symphony Orchestra,A Tribute to the Music of Star Wars,T45bughzzjt42d6vdwfb2crb22u
Intergalactic,Beastie Boys,Hello Nasty,T6s5mt6okzszo7u6vfl3tgobujq
Busy Line,Rose Murphy,Me and My Shadow,Tgsuq23cy25ulylhkmy774izr5u
Telephone Thing,The Fall,Extricate (Expanded Edition),T7njbgwtobpecbvslokhjbyyf5u
I Called U,Malibu,The Malibu EP,Tuiimacrsm6o7oeryyh62xt2l6e
Ansaphone (Demo previously unreleased),Pulp,Different Class / Deluxe Edition,Tdf6th3ibtree772n7wmalvk6oi
Hung Up,Madonna,Confessions On A Dance Floor (12 Reg. Tracks),Tki33xvk4spjbyep5jmkbzolzii
SpottieOttieDopaliscious,OutKast,Aquemini,To5thexaciypsvqb7fgfz6uotvu
Polka Dots and Moonbeams,Frank Sinatra,Imagination,Tsmbosjdevx4xooqn3smb4gxslq
Diagonals,Stereolab,Dots And Loops,Tue73df6fjixbincv7zrwk3trcu
I Got Stripes,Johnny Cash,Johnny Cash Vol. 3,Tbyaun3yqagvsr2fjauiulygqqy
Zig Zag Wanderer,The Rogers Sisters,Three Fingers,Tudpayiznzcedv63joyp2zn4bsu
Paisley Park,Prince & The Revolution,Around The World In A Day,Tod42b2r7zv5hq76f2pd3iidnem
Hercules,Aaron Neville,Hercules,Tipmzb5iei6waprvzkf7rvsn3sq
The World's Strongest Man,Scott Walker,Scott 4,Tsgupxey5ts6m6426gzt2s62jy4
Stronger Than Me,Amy Winehouse,AMY (Original Motion Picture Soundtrack),T6ynvkarrmudtjpr33edokdb7vy
Waitin' for a Superman,The Flaming Lips,The Soft Bulletin,Tgzeoarkesgjfaoafkyjptpwmvq
Sixteen Tons,Tennessee Ernie Ford,The Wonderful 50s! - 1955,Tqizpxoljk7xxiktx6hwxkac4ke
The Power,SNAP!,World Power,T2y5udmqvrf2rlq2na5dnvfgu7e
Promised Land (Underground Mix),Joe Smooth,Promised Land,Tzfhveisukewsqubrwypste5ysy
"Mary, Mary",RUN-DMC,Greatest Hits,Tude7dqa3b56zh2bswcphixri5m
Jesus Christ,Big Star,Third,Tna3bxxdgonbvdwkdu2rfe2ywlq
Dominick the Donkey (Extended Version),Lou Monte,Dominick the Donkey (Extended Version),Tvbogsykjpxztrcfgjpnlrqy5cy
Like A Virgin,Madonna,Like A Virgin,Taaejgppi65jv3bk4mmhfeuck5u
I Want An Alien For Christmas,Fountains Of Wayne,Out-Of-State Plates,Tkyqur643jo7uxbn4gb56ky4lvy
Rockin' Pneumonia & The Boogie Woogie Flu (Part 1),The Clowns,Rockin' Pneumonia & The Boogie Woogie Flu (Digital 45),Tvoe7gwg4i22tscz3bns3ml7xuq
I'm Sick Y'All,Otis Redding,Pure Southern Soul,Tlfgvuwglff3eybvsgwllxi66b4
Shakin' All Over,Johnny Kidd,"The Lost and Rare, Vol. 2",Tcw45oeubup5tizy6hgz5avhoni
Let Me Clear My Throat (Old School Reunion Remix '96),DJ Kool,Let Me Clear My Throat,Tznop4fruwlwoctkxmjzznb3yyy
Down With The Sickness,Richard Cheese,Tuxicity,Tkzqk5wquxsgwov7sneopdu5rri
Touch Me I'm Sick (remastered),Mudhoney,Superfuzz Bigmuff (Deluxe Edition),Tupwb7x7tuujo4ab626sz765v2q
Let's Get Married,Al Green,Greatest Hits,Tjvg7ymvgal5x7acnpkigxepe5q
"Third Finger, Left Hand",Martha Reeves,"Soul & R&B: The Whole Story, Vol. 17",Tr3hpcq47qxn4nfgo6mpd2aovgy
Let's Pretend We're Married,Prince,1999,Tzm45ko6ynajqcxpvolg44rph6y
Wedding Song,Bob Dylan,Planet Waves,Tc4g63sxiemr3zsafnccixl7pu4
This Is the One (Remastered),The Stone Roses,The Stone Roses,Tjqs6jnmhoo7j42yyup3sox3aj4
"Baby, I Love You",Ramones,Greatest Hits,Tlvpifwyxnxvjibvvojmbnp74rm
Opportunities (Let's Make Lots Of Money) [2001 Remastered Version],Pet Shop Boys,Please,Tbajbpe4usda2ifzsf4l5e6clke
"Spend, Spend, Spend",The Slits,Cut (Deluxe Edition),Thsa6ej7p32nnzhjvqbd6u5cg5q
Pretty Green,The Jam,Sound Affects (Remastered Version),T2jl6d2qydt7jo26ahrjedi2wja
Medley: Overture / Money's Too Tight (To Mention),The Valentine Brothers,Money's Too Tight,T425co23gib23wlogcxhpfeu3iq
Busy Earnin',Jungle,Busy Earnin',Tnq4ce4hffotfnlprvzb7pqpd7a
Let the Dollar Circulate,Billy Paul,When Love Is New,Tr5l2tvbajag7vwrgwxonavhdz4
Work That Body,Diana Ross,Why Do Fools Fall In Love,Tsafl6unuksotuk3zwlgw4l2agq
Only Love Can Break Your Heart,Saint Etienne,Foxbase Alpha,Tak7y57eqzggzugsqpqnybwgjri
Sand In My Face,10cc,The Complete UK Recordings,Tixu76y62xbpixjkwsgm7dtuvce
IT TAKES A MUSCLE,M.I.A.,/\/\ /\ Y /\,Tqskk7poop52dzywzjvl26ie2te
Barnyard Boogie,Louis Jordan and His Tympany Five,The Best of Louis Jordan and His Tympany Five,T4r4oowucomhcfj33amg34oyx6e
Cornfed Dames,The Cramps,A Date With Elvis,T2qe3uceaj6jexsejtcl2pmlbgm
Little Red Rooster,Howlin' Wolf,History of the Blues Vol. 2,Tvtqnynh2cjz6px44ju477dzgvq
And Dream Of Sheep,Kate Bush,Hounds Of Love,Tvy73v2wz6efqmyfhpouc4rex2m
Piggies (Remastered),The Beatles,The Beatles (Remastered),T273jghfekuj4fs6s5pfguduumu
Maggie's Farm,Rage Against The Machine,Renegades,Tdlblb6mxbgnfjlufh7tlp5f4cm
Teach Your Children,"Crosby, Stills & Nash",Greatest Hits,Txohsss5zxzumelagx6nekpki6a
Kooks (2015 Remastered Version),David Bowie,Hunky Dory (2015 Remastered Version),Telm3rurb2rrcjpb5fjucdurwfa
Kid (Live),Pretenders,The Isle Of View,Tqoeeb3zhl26jyxuw2jcvgte2ye
Insomnia (Monster Mix),Faithless,Forever Faithless - The Greatest Hits (C),T7rvp6spfanwym4i6dmxujkfzni
I'm Living' in Shame,The Supremes,A Supreme Collection,Tp2eqxovmq6bn4wnxhoaxuhtcci
Papa Don't Preach,Madonna,The Immaculate Collection,Tgbm6vwxumg2ynqef4ojy5ochka
TV Is The Thing (This Year),Dinah Washington,The Very Best Of Dinah Washington,Tu3oqpwj6hbeni5spkf5tpz5kba
TV Party,Black Flag,Damaged,Ttpo66at6fx7ntahzyqnrvuf5ve
Television (Dance Mix),The Beatnigs,Sherwood At The Controls: Volume 2 1985 - 1990,Teycdwezcfq75hh3nmzn5dcqvgi
TVC 15 (2001 Remastered Version),David Bowie,Christiane F - Wir Kinder Vom Bahnhoff Z,Tviplsungunsq7xi2m7hrh2thoa
Digital Witness,St. Vincent,Digital Witness,Tswkxiha2z4syxokpxqowtrf4ym
The Revolution Will Not Be Televised,Gil Scott-Heron,Pieces Of A Man,Tuaqbvo36fr5a7dnmbgntgoegoi
Boogie Woogie Bugle Boy,The Andrews Sisters,Forever Gold - The Very Best Of,Ths3rjjkiuire3h3gmh5tucvml4
Nothing but a Heartache,The Flirtations,Girls,T4cuqsmbya7ych6xutqwtqxb7ou
Dance,ESG,Dance to the Best of ESG,Tyevs73fyrjjhmqigvi7f7pgaj4
Heart Is Strange (Radio Edit),School of Seven Bells,Heart Is Strange,Tbohiww5ba6c6rtc3sapzt2orla
Hold On,Wilson Phillips,Wilson Phillips,Tpevnf65wgvwh5dng5l5xp36he4
Roygbiv,Boards Of Canada,Music Has The Right To Children,T3lnnkub6leacadiioy4qgpf3iq
Colours,Hot Chip,The Warning,Tlloasfl4aezpaafg54kccquoka
Mood Indigo,Nina Simone,Little Girl Blue (Remastered 2013),Tlo5x2rg3pzkcxviif3kb523t24
Yellow Brick Road,Captain Beefheart & His Magic Band,Safe As Milk,Tjof6h537nsuu6lvd5nqmu3vzmi
Bold as Love,The Jimi Hendrix Experience,Experience Hendrix (The Best Of Jimi Hendrix),Tmovilbhh5x2ms4lqqxqxnqml5m
99 Red Balloons (Club Mix),Nena,Extend the 80s: Hits,Tifvjqycwlnbkahjafffo54645q
Taxi,Capo Plaza,20,Tbjmawibmswyr2yei3uhwlnqmhq
Make It Right,Choppz,The Prince,Ttd4rtr5g526dnz5fhesudgm6uq
Waiting For Your Taxi,The Blockheads,Do It Yourself (Deluxe Edition),Thk5td6dgwke24567qorfe6otpq
Cut Your Hair,Pavement,"Crooked Rain, Crooked Rain",Ts22ajzy6mtgndlgcgnghjgebmy
My Boy Flat Top,Dorothy Collins,"Soda Shop Rock, Vol. 1",Tmjo3ysla4o4oskfuxqfnxavnoq
San Francisco (Be Sure to Wear Flowers in Your Hair),Scott McKenzie,Hear It Now! The Sound Of The '60s,T27fxcwrglecb2jomebje2wajky
Let Me Fix My Weave,Missy Elliott,This Is Not A Test!,Tjy5y53e4laejjw7kqbao3p4uka
Don't Touch My Hair (feat. Sampha),Solange,A Seat at the Table,Tozqptfpgazn5nnhwyzxmmbhhhe
Mullet Head,Beastie Boys,Clueless / Original Motion Picture Soundtrack,T7pz5ygjmbydj3cjgyrhsvxk3wi
There's No Business Like Show Business,Ethel Merman,Merman In Vegas,Txumgts5l2vbs2vaf5zj4fwx3a4
Wow,Kate Bush,Lionheart,T5kmyb2gw54xytvsp3joylfn2uq
Stage Fright (Remastered 2000),The Band,Greatest Hits,Thxprsxkjlk6jy645fnjdeysaki
The Show Must Go On (Remastered 2011),Queen,The Platinum Collection (2011 Remaster),Tgkl65suwc2okqckyajqwhnnewe
The Curtain Falls (Live),Bobby Darin,The Legendary Bobby Darin,Tznlfdocrpgxjk42nfbvbiead4u
Mushroom,Can,Tago Mago (40th Anniversary Edition),Ty45j26lkno4th3nv6lzmjhncme
She Brings The Rain,Can,The Singles,Tye6gq7ueg6iu7urwsxwuvi7nyy
Turtles Have Short Legs,Can,The Singles,Txergzwjbj52hn4hhvvbu5cikum
Don't Take Me Alive,Steely Dan,Citizen 1972-1980,Tdpiw7rod56uh6dpkkpoz7o66im
FM,Steely Dan,Citizen 1972-1980,Tmqkgroewqwddygypoxcnlg2lbm
Pretzel Logic,Steely Dan,Pretzel Logic,Tzhvjkmm2lbpm5rteaozmynkwn4
"For Goodness Sakes, Look At Those Cakes (Part 2)",James Brown,The Singles Vol. 10 (1975-1979),Tym4pdnh4334ehkbkdujf3atuke
Cut the Cake,Average White Band,Cut the Cake,T4aka3lx4mju44rkyf7357dq3dy
MacArthur Park (Single Version),Donna Summer,Summer: The Original Hits,T7yvmjcmfm7nrssbo7mhwkmpt64
Raspberry Swirl,Tori Amos,From The Choirgirl Hotel,Tx5awpqkivelwsl5mnhpp4begnu
Batches & Cookies (feat. Sophia Eris),Lizzo,Lizzobangers,Td5q3yx4nlusx74bsmhikdeqxse
Cherry Pie,Warrant,Cherry Pie,Tzxzllmcfasy5qsamzd7owiwway
God Save the Queen,Sex Pistols,God Save the Queen,Tnflazwpeuxhkd55u4ipwv6j5me
Rebel Girl,Bikini Kill,The Punk Singer (Original Motion Picture Soundtrack),Tjxsvo33balyktpta3nsvvs22za
Queen of Hearts (Alt Demo 2009),The Unthanks,Archive Treasures (2005-2015),Tk4scftzkuwnhtgrie74ty2kgmu
Duchess,The Stranglers,The Collection 1977-1982,Tdovr3odnhk4vmukn7iz2mtrexe
Queen of Clubs,KC and the Sunshine Band,Disco Doesn't Suck! Vol.1,Td2yv7mez5rc6l3vxhbge4j3dju
Queens Of Noise,The Runaways,Queens Of Noise,Tnjpk7uvp2xguczqx5evgbvp5qe
Ring My Bell (Re-Recording),Anita Ward,Ring My Bell,Td4smpwaynj3wqrtaw57i65ksea
Keep Their Heads Ringin',Dr. Dre,"Hip-Hop Legacy, Vol. 2",Tsiicwhwa3xpm6q53hge7bbutdq
I'm A Ding Dong Daddy (From Dumas),Louis Armstrong,Ain''t Misbehavin'... The Best Of,Tn7bxjwntick3sfmd2vikjalc7a
Bongo Bong,Manu Chao,Clandestino,Thwfsgmwdc6omuovl76yjnr6l2a
Ka-Ding-Dong,Captain & Tennille,Come In From The Rain,Tmfff72xs7xxkvjnivbbwwnjraa
Hells Bells,AC/DC,Back In Black,Tqo7l5qgqwq5bwne25otg4moqcq
