Lovefool (Radio Edit),The Cardigans,First Band On The Moon,Toltul7xpt47zkcoiralytqlcuy
Age Of Consent (2015 Remastered Version),New Order,"Power, Corruption & Lies",Tkpevayyszsuutmxjta4eawpvum
Special,Garbage,Version 2.0,T342zrd6u57wmowcayex4owgwha
Ceremony (2011 Total Version),New Order,TOTAL,Ta2oylotpnsoxxxa5yiwpzsszne
1979,The Smashing Pumpkins,Mellon Collie And The Infinite Sadness,Tfkaj2pgxhuzmataq5eilsxmcqu
Regret (2015 Remastered Version),New Order,Republic,T2gb6nno47vww4xl4ais6djocoy
I Think I'm Paranoid,Garbage,Version 2.0,Tgs77awg64dnwxqfxi2sfaoujpy
My Favourite Game,The Cardigans,Gran Turismo,Thxkwenv5b3k7jhpk3irguljyim
"Tonight, Tonight",Smashing Pumpkins,Rotten Apples,Tjxe3kd6bgma72ahclfkpahtddi
Thieves Like Us (2011 Total Version),New Order,TOTAL,Tocwv5lew5sehlwqzv6g4gkrs2u
Your New Cuckoo,The Cardigans,First Band On The Moon,Tj2tqk6vmluejb4m2x3gofivw34
Procession (2015 Remastered Version),New Order,Singles (Remastered),Tjymjdihfvwzxnkg2bivnthbkou
Temptation Waits,Garbage,Version 2.0,Tsfityom7bmgn2cc4zgnsbbsl74
Shellshock (7'' Edit) [2015 Remastered Version],New Order,Singles (Remastered),Tcbkv2yii6xbgyp4uq3p5ebsm3i
Would?,Alice In Chains,Dirt,T4lfprkg5jyu5yv5ghvjn4srgei
Cybele's Reverie,Stereolab,Emperor Tomato Ketchup,Tfzd2e3abmbvcnep5jyzmmdjuqm
Sick & Tired,The Cardigans,Best Of,Tspyc25jtnbknyycxpwjbfbu2ny
Carnival,The Cardigans,Best Of,Tlqgtroq2gm3cwkqhp3vd54cbtu
1963,New Order,(The Best Of) New Order,Tbqkbhr26ilrbuaibeqbctfki3i
Temptation,New Order,TOTAL,Tdhf7ocelzwkx7iqa7spbg722du
Daddy's Car,The Cardigans,Best Of,Tva3zy4qwcjzlidal6zwmejbfce
Today,Smashing Pumpkins,Siamese Dream (2011 - Remaster),Txcbsmwpdl7uu536fvy42bbo63i
Babies,Pulp,His 'N' Hers,Twnvnhzokjxhq3phixf5jzyvoam
Here's Where The Story Ends,The Sundays,"Reading, Writing & Arithmetic",Tmgkxezjgwninp7qc7j7ya4ehcm
When All's Well (2012 Remaster),Everything But The Girl,Love Not Money (Deluxe Edition),T7t4m6gujpg3qyjbzqsxx6zp26m
Before Today,Everything But The Girl,Walking Wounded,T2zyuqhqhvp5vsv5rrubcw767be
Processed Beats,Kasabian,Kasabian,Tb7cfumvgqytmpfwxo6qlnqwaum
