'Round Midnight (1990 Remastered),Sonny Rollins,All The Things You Are (1963-1964),Tjtxuwi4iu2yxpku557sicryt6y
'Round Midnight (Live),Dexter Gordon,Homecoming: Live At The Village Vanguard,Tzz4ed3ddetpeheyy36mcpndi7e
'Round Midnight (Live),Ella Fitzgerald,A Perfect Match,Tzwhfqll7q277ljhwxjnhbzfgnq
'Round Midnight (Powell),Bud Powell,The Greats Do 'Round Midnight,Tz4febumhcbkhju224j6vf4oszy
'Round Midnight (Remastered 2015),Stan Getz,Remastered Hits Vol. 2 (feat. Charlie Byrd / Bob Brookmeyer / J. J. Johnson) [All Tracks Remastered],Tmrin4r5zzneinbhzjc5lpg5kme
'Round Midnight (Remastered),Clifford Brown,Tenderly,Tmotfbufhzbcwnfafrolguriwqq
'Round Midnight (Remastered),Miles Davis,Milestones (Remastered),Tu4b4gdauknoeledwoecs3eapgi
'Round Midnight (Remastered),Miles Davis,Penthouse Serenade,T27cbyo3a3bi7cjy36gi2bu2gwy
'Round Midnight (Remastered),Miles Davis,Summertime,Tknoozcb72tl6c6oe6jmies6m3i
‘Round Midnight (Rendezvous Version),Sarah Vaughan,City Night Chillout,Tsodkubzpfhnx5tabdoo4t2dc74
'Round Midnight,Art Farmer-Benny Golson Jazztet,Blues on Down (HD Remastered),Tdusfeyhkkkmy6m3fuqw7fqlr7m
'Round Midnight,Art Pepper,BD Music Presents Bye Bye Blackbird,Twe72hoifgifzz7ysc5hfz5isnu
'Round Midnight,Chet Baker,Chet Baker With Strings: Heartbreak,Tmaktedp7vpwvxy4lwnyd6zlwh4
'Round Midnight,Chet Baker,Silence: Italy 1987,Tno3qyhso7jcgubyic6w6l6jece
'Round Midnight,Chick Corea,Trio Music,Toriyhderl2nwskcofcrmfgxdga
'Round Midnight,Clifford Brown,At The Cotton Club 1956,Tomfcwsxhupmfyywe5wvdjdof54
'Round Midnight,Dexter Gordon,Pop American Jazz,Twmokj2s4cmh6epk2jamrttn5aq
'Round Midnight,Ella Fitzgerald,125 Ella e Louis Classics (The Beautiful Songs Remastering 2014),T4oroj6thdlo733ffl46mnc2l6u
'Round Midnight,Ella Fitzgerald,Fine And Mellow,T3tzzw72e7hnro55nqydnbt3ava
'Round Midnight,Herbie Hancock,Quartet,Tepdhpmzxlewotwcsqhuvpytgvu
'Round Midnight,Jim Hall,Jazz Masters: Guitar,T4rke7i3ccph2bxlqhacvafhelu
'Round Midnight,Joe Pass,Virtuoso (OJC Remaster),T2rh5h4jsl4ge6ty2czb7k6xjke
'Round Midnight,Lee Konitz,Alone Together,Tfn6r36lwd6n2kcpt5xjs4vcys4
`Round Midnight,Lee Konitz,An Image,Tmm6vqgul5arxbdpn5uw7yt3xoq
'Round Midnight,Lionel Hampton,Hampton's Hits,Tbp43kby3vjctb6jzrtls56hqaq
'Round Midnight,Miles Davis,Les Plus Grands Moments Du Jazz,Tfkk5opmcgadvtqqpyjzz6sodue
'Round Midnight,Milt Jackson,Big Bags,Tffmm64ll2eeh35atqg5t77sgcu
'Round Midnight,Milt Jackson,Milt Jackson: Scandinavia,Toat6mos6ndogoebk5kq4hakwd4
'Round Midnight,Modern Jazz Quartet,The Ultimate Jazz Archive 27 (4 Of 4),T7w4pd3ab6lej3u2umxfiy2mcyi
'Round Midnight,The Art Farmer-Benny Golson Jazztet,The Jazztet at Birdhouse (HD Remastered),Tbtw6dguzppgbbqu2lnvzjw5ll4
'Round Midnight,Thelonious Monk,The Very Best Of Jazz - Thelonious Monk,Tfwvy43kwla325trr7mpwwpll7a
'Round Midnight,Wes Montgomery,Late Night Jazz,Trkst43ekbzbo32q6iiuqndhoki
(I Love You) for Sentimental Reason,Nat King Cole,Lovesongs of all the times:I've Got You Under My Skin,Timr4auraadamklz2chewhmaqqm
(I've Got) The Bluest Blues (Live),Dizzy Gillespie,Blues Wave Vol.2,T4z6kjseqqzvkrpvbagrhbnmlxi
(Was I To Blame for) Falling in Love With You,Louis Armstrong,Easy Listening Kings Vol. 6,Tyfis3amyz54e4hpijzs2xncyr4
(Was I to Blame for) Falling in Love With You,Louis Armstrong,The Very Best of Easy Listening Vol.10,Tzojihv6hquwm2prlrt462slymm
A Child Is Born (feat. Zoe Rahman),Courtney Pine,Song (The Ballad Book),T5spdweng7wizn3amrneyc774pi
A Child Is Born,Bud Powell Jazz Orchestra & Gabriele di Franco,Dedalo,Tx42af3ytkx4eofczt4ux2cwmjq
A Child Is Born,Oscar Peterson,Christmas Jazz Collection,Tegqjx2sv6dsadnorg25uug3jkq
A Child Is Born,Woody Herman,Giant Steps,Ttmxksvqac75y32tab3nlp5ynwq
A Child's Blues,Phil Woods,the Birth of the Erm,Tqxiwjof23clgc2sa62mvxv7poq
A Cottage for Sale,"Nat ""King"" Cole",Love,Tiyjgs7gi3vchiz7lrtwy6a2lqa
"A Foggy Day (From ""A Damsel in Distress"")",Count Basie and His Orchestra,Broadway and Hollywood...Basie's Way,T4jvsxjkkykbotx7dz55tyjden4
A Foggy Day (Live),Sarah Vaughan,Lullaby Of Birdland,Tt5aizrcqvyjivjh5vtx52az7cu
A Foggy Day (feat. Zoot Sims) [Bonus Track],Ralph Burns,Ralph Burns and His Ensemble: Bijou + Spring Sequence (Bonus Track Version),Tdhtvrb2p45iuv4n2txnj7dd2vq
A Foggy Day In London Town,Duke Ellington & His Orchestra,Bacon Sarnie Morning,Txvxz5u3cowtdfad7vt4rzsjtqu
A Foggy Day,Art Pepper,Twelve Classic Albums: 1954-1962,Tuozcu2mh4sehez5jacathuxtua
A Foggy Day,Art Tatum,Keep Calm & Jazz On,Tl6holrjb2dgdoa265olgusvy4e
A Foggy Day,Art Van Damme Quintet,Cocktail Capers,Tdsen37jpvzmpedbi5xvmydm3hm
A Foggy Day,Billie Holiday,Billie's Blues Volume 8,Ttyi5dsng32reqklbm7yrnqqgh4
A Foggy Day,Bud Powell,Blues 'n' Boogie,Tdl7bbhhsqw5qdiarapz32bgp7a
A Foggy Day,Chet Baker,100 Grands Hits des années 50 (Versions Originales),Tcalzlsdsb3s54sn4mjbhxlqmv4
A Foggy Day,Chet Baker,A Night On Bop Mountain,Tbov6tri7oqgyk7ib2ew6z4r7a4
A Foggy Day,Dave Brubeck,"Take the ""A"" Train",Tytoiz2gyulvwwtos24law7ewzy
A Foggy Day,Dave Brubeck,The Legendary Dave Brubeck,T4anhg57oxlcmnj2smbdm4zrspy
A Foggy Day,Dinah Washington,Original Recordings Collection (A Timeless Selection),Trg6hhlmeghfd3epjx2fd724yxe
A Foggy Day,Dizzy Gillespie,Jazz Greats - 74 Classic Tracks,Tvvzndryo3r4caxiirh2autftwy
A Foggy Day,Frank Sinatra,Music & Highlights: Frank Sinatra - Best of,Tnsl2tr2hoyyu4xgox5s43mmhxm
A Foggy Day,Frank Sinatra,Songs For Young Lovers,Twa3kt3k4xa47brwyvosza3ihni
A Foggy Day,Lester Young,A Foggy Day,T3g52cwiwg27vdevpwdr4slh73a
A Foggy Day,Lester Young,Pete's Café,Ta52ltk43ziadkqfqjv3xtqjryu
A Foggy Day,Lionel Hampton,Lionel Hampton,Txrr4vhw6wfs5ej24myykfusab4
A Foggy Day,Louis Armstrong,The Essential Collection,Tgdpy2bdhb5ffbgyts6kqbes5jq
A Foggy Day,Oscar Peterson,A Norman Granz Legacy: Songbooks Etcetera - Volumes 1 & 2,Tsghcsgzchdp3eozcs27ajdvvmi
A Foggy Day,Oscar Peterson,The Jazz Soul of Oscar Peterson / Plays the Duke Ellington Songbook / Plays the George Gershwin Songbook / Plays the Harold Arlen Songbook,T263sjj25cjwdcxe6qbk4nsd33q
A Foggy Day,Ray Charles Singers,Let's Relax With,Ttks73jcp477zowbu3455yhkhpi
A Foggy Day,Red Garland Trio,The Ultimate Jazz Collection,T5ejshxpu2ahdkmd2ug4j5tfole
A Foggy Day,Red Garland,Bebop Jazz Legend,Tkcayimiqjwfiaeongh73lh7lcy
A Foggy Day,Sarah Vaughan,A Night At Ronnie Scotts - Volume 6,Thkvc3xt2jcofhu6llgbhbuqpi4
A Foggy Day,Sarah Vaughan,Original Recordings Collection (A Timeless Selection),Tnefahzjm3kv3jpsaigghimall4
A Minor Blues In F,Art Pepper,"Art Pepper Presents ""West Coast Sessions!"" Volume 3: Lee Konitz",Tnlmi5b6cuzzmwpkcrjd2v3lzyy
A Misty Morning (Instrumental),Dave Brubeck Quartet,Reflections,Tidjti4bdkik37jhhngliylszxi
A Night in Tunisia,Art Blakey,100 Jazz Songs for a Summers Day,T3ugha3mq5mzpoacqnxsfnveiz4
A Spoonful of Sugar,Duke Ellington,Duke Ellington Plays Mary Poppins,Tbkntggppwii4ahlnayb36fgyc4
A Wave Goodbye,Chick Corea Elektric Band,Beneath The Mask,Tayeniwbfnxzo7qnpulpatljhsa
A foggy day,Thelonious Monk,Lounge Jazz Café - Tel Aviv,Tmc52uy4l4ei6a5hwzn5vg7yonm
After All,Duke Ellington,Blue Serge,Twvrl4lo3zwxptoov4dofcuwd44
After You've Gone (Live),Nina Simone,Desafinado,Trkghqvxni4xkr5ihuomfexbxfy
Ah-Leu-Cha (take 5),Miles Davis,The Complete Miles Davis Featuring John Coltrane,Tqf3i4pbovfx6p3no3i2jk5dzoy
Ain't Misbehavin',Benny Goodman,Falling Leaves: Jazz Classics for Autumn,Tphc2pagekldc4j232dwlpnuiqu
Air Waves (Take 1),Phil Woods,Woods Plays D'Andrea,Tnayffbc5n5sptnaybjiuiqgdd4
All Blues (Live - Instrumental),Milt Jackson,At the Kosei Nenkin,T4aezsw56hopvfg6nlkxcrk2nqy
All Blues (Live),Niels-Henning Ørsted Pedersen,Michel Petrucciani & NHØP (Live),Th4kskmghazuuri72muci4v2wum
All Blues (Live),Sonny Stitt,Thank You,Tbgv7sr3nsmitpemtvis2v5qpee
All Blues (Studio Sequence),Miles Davis,Kind Of Blue (Legacy Edition),Tdnxbf5uj6ol7w25t3ddmri3ya4
All Blues (feat. Phil Woods Quintet),Bob Lark,Live At The Jazz Showcase,Tph2btsl6rogt77e6zhpnckz6au
All Blues (with John Coltrane),Miles Davis Quintet,Nice'n'Jazz (with John Coltrane),T6jzzyh6leqyw2zhowwoeoadkcq
All Blues,Chet baker,Greatest Hits Vol. 1,Tedun4jvsrgtlb7nygapp73becm
All Blues,Louis Armstrong,Trumpet Jazz Virtuosos,T7avwh63d7nn56pw7vap34xhor4
All Blues,Miles Davis,Blue Period,Tbulzwob4uutyw2lbl2uuqwykla
All Blues,Miles Davis,Kind Of Blue,Twy5n6ky37fz4twqy3rebqowz5i
All Blues,Ron Carter,Newport: Live & Rare,T5uiglsa3qaxni7uwsw425qwkne
All By Myself,Dave Brubeck,The Columbia Albums Collection Volume 2: 1958 - 1961,T63daqnjk35xdyhtfchv26ntqxy
All God's Chillun Got Rhythm (Remastered),Bud Powell,Bud Powell's Piano Art 2,Tah7qynppof6onway6palh56b6m
All God's Chillun Got Rhythm,Clifford Brown,The Ultimate Collection,T3mchtlgihcqnpucqm5ckncha4m
All Heart,Count Basie,Blues Alley,Tuet3wamx55ckuznx72pqjmvozu
All Of Me,Art Van Damme Quintet,The Art Of Van Damme,Trgc3ebx34rsupk6w5a6tlpzz44
All Of Me,Benny Goodman,Ain't Misbehavin',Tohzxbn4r4zmhchtbvr7fk2engy
All Of Me,Frank Sinatra,Ultimate Sinatra: The Centennial Collection,T5hig4bz5r4ylbe7ncqq2ksxtoe
All of Me,Lee Konitz,Inside Hi-Fi,Tuatxyp7acrybjickcdigs3jnse
All Of Me,Lester Young,All Of Me,T3zkymwe6n7q7eq723544eyntxa
All Of Me,Oscar Peterson,Escapade,To4umszfpfi43xpetl7mmaj43ea
All Of You,Miles Davis,La La JazzLand,Tvwucppeii32aoode7bpafk33xi
All The Things You Are (master take),Clifford Brown,The Paris Collection Volume 1,Tpndriowzi4kh4do4n736vae6sa
All The Things You Are,Art Blakey,Monks Mood,Tvr4e4izt3zi5tcattrnrphwfuu
All The Things You Are,Art Pepper,The Essential Collection,Ttdhvzawkwhmeyifcoducj6ho5i
All The Things You Are,Ben Webster,Dig Ben,Tbsxjakeryfs6voctqgnqvz3fni
All The Things You Are,Charlie Parker,Storyville Presents The A-Z Jazz Encyclopedia-P,Thai5hdbxhydhdiefpcbsv77ypa
All The Things You Are,Clifford Brown,Strictly Romantic,T4lmic75hrmtaupzk2g3b4rlq7y
All The Things You Are,Coleman Hawkins,Coleman Hawkins Selected Hits Vol. 1,Ttcgmblbentau5t5vfzearqrrni
All The Things You Are,Dave Brubeck,Live 1956-57,Tapbmcojarw4d4ge7yqo254ckku
All The Things You Are,Dizzy Gillespie,All The Things You Are,Tn7rcglumra43f3gyck4zenmswm
All The Things You Are,Duke Ellington,The Duke In Washington,Thpi6acx2vcfewhsr65zdol3a6m
All The Things You Are,Frank Sinatra,All Of Me,Tfru24weutks43liumy3oaijana
All The Things You Are,J. J. Johnson & Kai Winding,Live 1959,Txkvcupc2hsnhx63l5snhgiyu3y
All The Things You Are,Keith Jarrett,Setting Standards - The New York Sessions,T5l7vtgxunn72so37zc2fqkpftu
All The Things You Are,Lee Konitz,Sax Of A Kind Vol 4,Tm3u7pzzkom2zsdqri4h47rsm3a
All The Things You Are,Miles Davis,From Cool To Bop,T6swq42ahkqpka6gsonvaxtntfm
All The Things You Are,Milt Jackson,La Ronde Suite Vol 4,Tz2okha3hhwizlot4e7ekwapcve
All The Things You Are,Ray Charles Singers,Let's Relax With,Twzb64odrrfjgvfud73narze3ee
All The Things You Are,Sarah Vaughan,Essential Cowboy Songs,Txlgfwg7f6rhkmjia7ltamnkhve
All The Things You Are,Sarah Vaughan,Send In The Clowns,T2sf4hvzcfoe5ee7g7jzazwtnvq
All The Things You Are,Thelonious Monk Quintet,’Round Midnight: The Complete Blue Note Singles 1947-1952,Ttmucrh4vxprnh75d7ymgncvscq
All The Things You Are,Zoot Sims,All or Nothing,T32euztycyavaj4ujfucypr7o4i
All The Things You Are,Zoot Sims,This is what i call Live !,T633h5czz3bnwejedh7psslh5za
All The things You Are,Modern Jazz Quartet,All Of You,Tmw376jtt233b654newj2sts3u4
All To Myself Alone,Ray Charles,I Found My Baby There,Tmli2rqrn3565wttwdc3qmrfrli
All Weird,Clifford Brown,Blue Concept,Tron76iebnsv7tyjqcq7ggxp2ta
All of Me (Live) [feat. Joe Williams],Woody Herman,Woodchoppers Ball,Tixjqhpwjvbpeimq7ces2g2tonu
All of Me (Live),Red Norvo,Joy Spring (Live),Tjmogs2ydhaoek5sd7u3oegcqzq
All of Me (feat. Johnny Hodges),Duke Ellington,Jazz Party,Twhdnbcxrnmgb6fisdkkele5yb4
All of Me (from Newport '58),Dinah Washington,Dinah Washington Sings Bessie Smith,Tzwnaqdfyr3cwt4d2duovlq2iwe
All of Me,Art Pepper,Surfride Plus,Tgv5pf2sxejbkps6nnd5zpclxk4
All of Me,Ben Webster,Ben/Buck,Tv5adj7nrtvt5awdwqrrwkoocbi
All of Me,Charlie Parker,No. 1 Classic Jazz & Swing Album,Tnvosm64rdw3huifbhov3l5ubw4
All of Me,Count Basie,All Of Me,Tbvvdb6ehqgrgekgsaj5axgz5em
All of Me,Dinah Washington,All of Me (Diamond Collection),Tufbnbpn6st6zc7a77o57jq6jje
All of Me,Duke Ellington,The Outstanding Duke Ellington,Tvi4u5wszghuswc2d3v5ujuzwfu
All of Me,Ella Fitzgerald,All Of Me,Tn4rnaq6hcsndjp3jro5so4mpvq
All of Me,Erroll Garner,Penthouse Serenade: The Debonair Erroll Garner,Tvwyxiyeq66gcfejuew4ochpb7q
All of Me,John Pizzarelli,All Of Me,T52zp3pvpmqkshwb3ohnchmw2yq
All of Me,Lester Young,Exactly Like You,Teq7s2mk42vw56etsipfe7wlugy
All of Me,Louis Armstrong,125 Ella e Louis Classics (The Beautiful Songs Remastering 2014),Tae5d4lkeqqhe2xhkcuv4pfze6i
All of Me,Miles Davis,Platinum Classics,Tpygia4qoo6wmyyirpcuiw4okee
All of Me,Oscar Peterson,All the Best,Tm3xmjfkfeoa4tjz5lz6fqfipje
All of Me,Sarah Vaughan,All of Me (Remastered),Thoslf7aikuucm2lkxr5c5izjta
All of Me,Sonny Stitt,Essential Jazz Masters,Tqtspnvjfoajrxlsuxjbdsm2dxe
All or Nothing,Dinah Washington,Blues,Toy4h7wejes3mqx3mgn7pswcisa
All the Things You Are (Alternative Take),Lee Konitz,Jazz Milestones: Lee Konitz,T6rqa6m2bezfdpl6nxt736oqnnm
All the Things You Are (Live),Dexter Gordon,Green Book Jazz,Tley2x24t2ny7trg7stw4yoeedq
All the Things You Are (Live),Michel Petrucciani,The Complete Dreyfus Jazz Recordings (L'Intégrale),Tbdp7g3apvr64t2ouiua4d64z3m
All the Things You Are (Remastered),Sarah Vaughan,In a Sentimental Mood (Remastered),Tbrid5qttd6eehtckm6qld2gkzy
All the Things You Are (feat. Bud Powell),Coleman Hawkins,Stardust,Taojujc67yay7yje45gen5cpsry
All the Things You Are,Art Tatum,Jazz Ballads - 18,Tm3btbmapjwmc23ra4xmg3bjxra
All the Things You Are,Bill Evans,The Definitive Rare Albums Collection,T67lyyxtcjyhzozo65ldqne5zbe
All the Things You Are,Bud Powell,The Classic Recordings: 1957 - 1959,Tn5hdfh4aw7dahkcxqxndmi7qhe
All the Things You Are,Charlie Parker,All the Things You Are,Tkfekcpbl6oplatb45pryknip3a
All the Things You Are,Chet Baker,Songs for Love,Twhwbkfhqdrehw5oxlrv5ui6fku
All the Things You Are,Dave Brubeck,All by Myself - Drive in Classics,Tgymvizxtupe377qklga2kvqodu
All the Things You Are,Dizzy Gillespie,[RE]découvrez Dizzy Gillespie,Tupejx3f57z3dfhcdqx774s2ns4
All the Things You Are,Ella Fitzgerald,Great American Songbook,Ttcme3zjan7ld6d7yscyfwrkolu
All the Things You Are,Erroll Garner,Penthouse Serenade: The Debonair Erroll Garner,Tnngqp4hvs73hs4nleukb5hfvxy
All the Things You Are,Jim Hall,Jim Hall's Three,T6eaze5gj5ocxzum7c5cut6uzmq
All the Things You Are,Joe Pass,Virtuoso (OJC Remaster),Tldlonbfn6atzbmccrtts475jzq
All the Things You Are,John Coltrane,Greatest Jazz Masters,Txzkdmgh4rhooqkcqpspkgkg4cy
All the Things You Are,Michel Petrucciani,Concerts Inédits: Trio,T35okvvpic3u7olksaeqzwdlsxu
All the Things You Are,Phil Woods,American Songbook I,T6hz7h37molgs255fxenixk3cue
All the Things You Are,Wes Montgomery,Love Me : 30 Songs for Your Moments In Love,Ti34pvbiahc24vdncja3emv6ahu
Almost Like Being In Love (feat. Paul Chambers & Art Taylor),Red Garland,Red Garland's Piano,Tz3w3lumq5ai7k54dz22lrhjce4
Almost Like Being In Love Again,Ray Charles,Live at l'Olympia,Tkirwdtphpawuw7bojlb5wjzeri
Almost Like Being In Love,Art Blakey,Art Blakey 1957,Te75l2xuidnz36le3vbi46bpp7e
Almost Like Being In Love,Bud Powell Trio,Be Bop (Bud Powell Trio - Swingin' With Bud),Txsnidijrskj2jbixj75q7uygry
Almost Like Being In Love,Charlie Parker,Portrait of A Genius,Tfdam7e2n4ar3xu4vkkz3f76s3u
Almost Like Being In Love,Ella Fitzgerald,51 Essential Jazz Standards By Ella Fitzgerald,T5yusb76bagagmlrklls3fbjdxq
Almost Like Being In Love,Frank Sinatra,Come Swing With Me!,Tfbhx4gcy6ly4npczxnk34xiqem
Almost Like Being In Love,Jim Hall,Easy Living,Tp33bf2dx5dfomstqpujwdqmwvu
Almost Like Being In Love,Lee Konitz,Sax Of A Kind Vol 2,T3mib3fey6kkul7m4g5hdilxjsi
Almost Like Being In Love,Lester Young,Lester's Be-Bop Boogie Vol 4,Twxsuq2iecfaymoozfo7s7deugm
Almost Like Being In Love,Miles Davis,Charlie Parker & Miles Davis,Tip6vujnukopjxg7zx4gier2iri
Almost Like Being In Love,Nat King Cole,A Fine Romance,Tafzpl5kuanrqjnqrkiuol45wh4
Almost Like Being In Love,Nat King Cole,Loving Nat,T6sqcosffashfngw5p2gy273b5u
Almost Like Being In Love,Sonny Rollins,Swingin' For Bumsy Vol 3,Twf3jzxx7clbewoymda4wt2rtki
Almost Like Being In Love,Stan Kenton,Adventures In Standards,Tyni3pszjzkra36ztpgexyxyj7e
Almost Like Being in Love (Live in 1958),J.J. Johnson,The Columbia Albums Collection 1956 - 1961,Tjmthj5ao6l4ofhxezpd62cb3yq
Almost Like Being in Love (feat. The Oscar Peterson Trio),Lester Young,The President Plays with the Oscar Peterson Trio (Bonus Track Version),T3pyd4gcrcrkao2cyikeuh7gz74
Almost Like Being in Love,Ben Webster,The Very Best Jazz Playlist,Tw7nm7gtvnbiuo5cwwslya4dk5a
Almost Like Being in Love,Bill Evans,Ballads for Two,Ttnfo6rdgmfs5awdzjpofb3opwi
Almost Like Being in Love,Brad Mehldau Trio,Seymour Reads the Constitution!,Tq27mout2nznosm2dlnmdk5d4uy
Almost Like Being in Love,Chet Baker,Greatest Hits,T5pvaltmakb33ul4ecjwl6rkdn4
Almost Like Being in Love,Earl Hines,"The Incomparable Earl ""Fatha"" Hines (Remastered)",Tcj6jzfpbv4n7zgs6pf5e2cdx7a
Almost Like Being in Love,Frank Sinatra,Sinatra's Swingin' Session!!! / Come Swing with Me!,Tfy3dht42yoylizqdpxqkduicuu
Almost Like Being in Love,Jo Stafford and Art Van Damme Quintet,Once Over Lightly,T3prmhslyl5v5lxrxyczoo23stm
Almost Like Being in Love,Modern Jazz Quartet,50 Jazz Classics,Tfjn74kuohm73coskfmm2n62oaa
Almost Like Being in Love,Red Garland,Red Garland's Piano,Tob2qjrouf7gaspdvprcdftqnqq
Almost Like Being in Love,The J.J. Johnson Sextet,Really Livin',Thd6h5wze5e4wuq76w24rep24we
Almost Like Being in Love,Woody Herman,Almost Like Being in Love (18 Versions Performed By:),T4javcdw6qk5ko64bro3rwqxu2u
Almost Like Being in Love,Zoot Sims,Zoot,Txdry5dvylrs2ctnathsdqflh3m
Alone Together (Remastered),Art Blakey,Take Five (100 Memorable Jazz Performances),Tjsslryahntzfqiu3cpemsp3rnq
Angel Face,Coleman Hawkins,Sugar Foot Stomp,Tafiiaun4kfzydilvuwhzr5ejgu
Answer Me,Nat King Cole,We All Love Fifties (70 Best Hits of 50's),Tehjlxfheqg5lfckydrxbfyluyy
April In Paris,Frank Sinatra,Every Time We Say Goodbye,Tnmoy7prfrmfkreqpltzazvxyq4
Around Midnight (Solo) [Live],Michel Petrucciani,Concerts inédits: Solo (Live),Tbriqrmnbyfq2l6257pfmhlhklm
Around Midnight,Michel Petrucciani,Concerts Inédits: Solo - Trio,T5rttvkcgpjgvlt3kiscyquoawa
Arthur Murray Taught Me Dancin' In a Hurry,Mildred Bailey with Red Norvo & His Orchestra,All the Things You Are,Tovhp3m5k6hlkhw4elxmzr4ntbu
Artistry In Blues,Stan Kenton,All My Succes,T6rpdrctofb4dwln3fdrcumtaty
Ask Me Now,Thelonious Monk Quintet,Genius of All,Tof5yd7b7kmhvrkwfh326huo4vm
At The Woodchampers Ball,Woody Herman,Take Five,Tqbtxuthihrpe7haq4sxmhgqymq
Atlas Blues (feat. Sonny Stitt),Art Pepper,"Art Pepper Presents ""West Coast Sessions!"" Volume 1 (feat. Sonny Stitt)",Th3q2i5umyc3jf442dc4t6tul3y
Autumn In New York (????????),Billie Holiday,Billie's Blues Volume 2,Tmhukpkxbpzwto6ex24lesaklqq
Autumn In New York,Chet Baker,Take the A Train - New York Jazz,Tpjsmy3u5elmtwjn463e6b7dcva
Autumn Leaves (Les Feuilles Mortes),J.J. Johnson,Standards,Ttcpdyoal3wzkja6ffcdw5wkf6a
Autumn Leaves (Les feuilles mortes),Cannonball Adderley,Things Are Getting Better (Original Album Plus Bonus Tracks) [feat. Milt Jackson],Trkbnjhfv5snbdxlirsrvj3fxde
Autumn Leaves (Live),Chick Corea Akoustic Band,Live From The Blue Note Tokyo,Thc57dcc2ssva42svrowxqiu7ym
Autumn Leaves (Live),Jim Hall,Alone Together,Thwircc45f6ymu3v6d5o6eihlui
Autumn Leaves (Live),Keith Jarrett,At The Blue Note,Tr6l523ripwt2ww537fdvuqjs6m
Autumn Leaves (Live),Miles Davis,Seven Steps: The Complete Columbia Recordings Of Miles Davis 1963-1964,Thlu6x5k26xk46p52fexj45l7c4
Autumn Leaves (Solo) [Live],Michel Petrucciani,Concerts Inédits: Solo - Trio (Live),Tptbpyo6ek7a2fzv53repkzk3ri
Autumn Leaves - Live,John Coltrane,In Europe CD2,Txra4imrtcfd47alwli5rcxvaju
Autumn Leaves,Art Pepper,# 1 Jazz Album Ever!,Taeoo5hpleqtsaatdkig5arfuku
Autumn Leaves,Art Pepper,Mambo Jumbo,Tx67ozdm5wa5oce5rrpfjkpbuzy
Autumn Leaves,Art Van Damme Quintet,The Art Of Van Damme,T6t7sudbasxflfrlygbhgks4f5i
Autumn Leaves,Ben Webster,Dig Ben,Tfqwg6yz5aywigz65m74z3lcrya
Autumn Leaves,Benny Golson,Just Jazz!,Texlt6r45jobwsnor6t6c45n2bi
Autumn Leaves,Bill Evans,Bill Evans: The Ultimate Best of Bill's Collection,Tachdlsnx4rruu5jqoaaweywgxq
Autumn Leaves,Chet Baker,CTI Records: The Cool Revolution; A 40th Anniversary Collection,Tfns2dxcvgmm3a7x33qayc6nx6i
Autumn Leaves,Chet Baker,Cool Chet Baker,Thas4caa7saiyh44idzgnkbddqu
Autumn Leaves,Chick Corea Akoustic Band,Chick Corea Akoustic Band,Twrazmihjcdyksmnshpzb4ejski
Autumn Leaves,Coleman Hawkins,Romantic Saxophone,Tgbq5pjzqfvzgi3ujwj5k42xqhe
Autumn Leaves,Dizzy Gillespie,Falling Leaves: Jazz Classics for Autumn,Tzq2k75wjc4p4eeffg2lgtkwdfm
Autumn Leaves,Dizzy Gillespie,Those Autumn Sounds,T6uc3xzeaqo2o6uhvyhrqyxrhdy
Autumn Leaves,Don Cherry,Without A Song: A Tribute To Perry Como,T4cyyexouqifzuzz6kob5ckpi2y
Autumn Leaves,Erroll Garner,The sensational erroll garner,Tfuxvjvbtqmcxiyba7jgddcj2ki
Autumn Leaves,Frank Sinatra,Frank Sinatra - Autumn Leaves,T56cydlw25icrmqcsa5frndepja
Autumn Leaves,Frank Sinatra,Monte Carlo,Tph2jq22wl4rsdw2da3alu57yli
Autumn Leaves,John Coltrane,The Best of John Coltrane,Thkc3o6fncnaslbowcos3zkrl2u
Autumn Leaves,Keith Jarrett Trio,Tokyo '96,Tgnwr6rzxkgsdy7jgxc65rsal7e
Autumn Leaves,Lionel Hampton,Mostly Ballads,Thw3yqyu2c65676kck7ae4edaia
Autumn Leaves,Louis Armstrong,Gentlemen Sing the Blues,Trktpcrsynknnlqqsdd6xdmqqbq
Autumn Leaves,Michel Petrucciani,Concerts Inédits: Solo - Trio,Tpcji5o64wydemkngygcbslq3gu
Autumn Leaves,Miles Davis,Absolute Miles Davis,Tlc2tcmv2siicloucid4pzztxpm
Autumn Leaves,Nat King Cole,Autumn Leaves,Ty6r7y5y3w6ugzxwbvhlvwn4aeq
Autumn Leaves,Nat King Cole,When I Fall In Love,T2uf3p46mxlkdssjwklfuwpp74m
Autumn Leaves,Noël Akchoté,Careful (Plays Jim Hall),T4alctcue4sskztuwkgpwryo2ge
Autumn Leaves,Oscar Peterson,Live,Tovp6fagvnwjykwd7tnjqbau7ti
Autumn Leaves,Sarah Vaughan,Crazy And Mixed Up,Tv5khuh746t4345csc3eqoifki4
Autumn Leaves,Sonny Stitt,The Classic Albums Collection: 1957 - 1963,Tcmbs3tx2kr6652exvwhhl4blpy
Autumn Leaves,Stan Kenton,One Night Stand,Thcijjlipqtagaqbtb7wpkukn7e
Autumn Leaves,Stockholm Jazz Quartet,Modern Piano Classics,Tpyinofopnz3wuc6rq2frygoqgi
Autumn Leaves,The Count Basie Orchestra,The Best Of The Count Basie Orchestra On Denon,T2xnnhmqoox57kafgwb22yfg22u
Autumn Leaves,Wynton Marsalis,Marsalis Standard Time - Volume I,Tbd4gij2kun6qdpcdahxjmarioy
BEGIN THE BEGUINE,ARTIE SHAW,Super Tracks & Great Bands Vol. 5,T2ezuamwq2clqojc5r6rbfiqzg4
Baby (You've Got What It Takes),Dinah Washington,Love Songs... The Easy Listening Collection Vol. 1,Ttaiui2lsgysn7xfnp5wflro2iy
Baby Get Lost (Remastered 2018),Dinah Washington,Rhythm & Blues Roots Vol. 5 (Remastered 2018),Tgm3t3jsrqu7khu6wyul7zxbsey
Baby It's Cold Outside (Take 5),Ben Webster,Dig Ben,T4w35ny7hcejunqhdbmq5p7efe4
Baby Won't You Please Come Home,Ray Charles,Stardust Records Presents… Vocal And Jazz Ecstasy,Tg7shubq4ru2vcgkm4b36ffvjbi
Backwater Blues (Remastered 2015),Dinah Washington,Dinah Washington Golden Hits (All Tracks Remastered),T7yn6vki2uk3fg6ces3s3q4suhq
Ballad Medley: Alone Together; Summertime; Come Rain Or Come Shine,Clifford Brown,Clifford Brown & The Ladies Of Jazz,T4e4gyxhn6dco5lf35lo2ikeoye
Barefoot Boyd with Cheek (feat. Dizzy Gillespie),Boyd Raeburn & His Orchestra,Sequence,Tcd34lqmpoyis4eecjl3zjq2gw4
Basie Boogie (Take 5),The Count Basie Orchestra,Basie,Tezp26njsyz5tudm6twvas7z54q
Begin The Beguine (07-27-54),Erroll Garner,Complete Jazz Series 1954,Ty26hntf6lc2dxiqspmz5dkjvry
Begin The Beguine,Art Pepper,The Essential Collection,Tn5bqdtjlneixoz5nbdq2gp3dge
Begin The Beguine,Artie Shaw,Forever Gold - The Very Best Of,Th6jnzhzxuf3grjgz3qye77qohy
Begin The Beguine,Benny Goodman,Benny Goodman - The Best Of The King Of Swing,Tyz5k6bycbou2yov5z6abcomsae
Begin The Beguine,Erroll Garner,Mambo Moves Garner,Th2tikejfxfcqjrddh47bfpip3q
Begin The Beguine,Jim Hall,Live At Town Hall: Volumes 1 & 2,Tuvb6bfa3ercyclo23n3neiw27i
Begin The Beguine,Sammy Davis Jr.,Back To Back: Sammy Davis Jr. & Dinah Washington,Tmtynlfu7nmfttr5yejmcwchena
Begin The Beguine,Stan Kenton,Begin The Beguine,T65mironkl356lt2hwslw4yc3c4
Begin The Beguine,Stan Kenton,Great Instumental Favorites,T6inaurly63lg4glo5oqhc5qyxy
"Begin the Beguine (From ""Jubilee"")",Ella Fitzgerald,Vintage Vinyl Collection - Ella Fitzgerald and Duke Ellington,Tdieq64m7u4rw2rqulde3c2ayoy
Begin the Beguine (Remastered),Benny Goodman,Begin the Beguine (Remastered),T2vggflxiu2fvnty4p2zg7ga5ca
Begin the Beguine (Remastered),Coleman Hawkins,My Melancholy Baby (Remastered),Taow6twelphjcs6abwjjovvnzsu
Begin the Beguine (Remastered),Oscar Peterson,Over the Rainbow (Remastered),Toasndjsyju7liaydla5haufvby
Begin the Beguine,Art Tatum,The Genius of Art Tatum,Tb5sqnwxdcaq7czi3mppyqzab6y
Begin the Beguine,Artie Shaw,The Masters of Jazz: 33 Best of Artie Shaw & Ben Webster,T234lhuc5sfhhhu6gge3foalshm
Begin the Beguine,Chubby Jackson,Judy Garland meets Miles Davis,Tse5jqltzogefz7mojvynfenpke
Begin the Beguine,Coleman Hawkins,Coleman Hawkins: Only the Best (Remastered Version),Tylpy6qlkhlgxccirihfojex34i
Begin the Beguine,Count Basie,Lounge Jazz Café - New York,Tymuxsixnnbivuptf43gd7zprzi
Begin the Beguine,Dizzy Gillespie,All the Things You Are,Tsbpg774xagd5uitxxyusei3qxy
Begin the Beguine,Ella Fitzgerald,Ella Fitzgerald vs. Billie Holiday,Terzat2j2xa43igqjfnlrhxz7zi
Begin the Beguine,Ella Fitzgerald,Ella Fitzgerald's Greatest,Tinfq2pt2we4dc7dvtxtzk3fbwm
Begin the Beguine,Frank Sinatra,The Columbia Years (1943-1952): The Complete Recordings: Volume 4,Ty5pmiw4ubo3vil5ouyjjhk52qi
Begin the Beguine,Frank Sinatra,The Rat Pack: Begin The Beguine,Tyzpafvzvz33w35me2x6uh35sdq
Begin the Beguine,Oscar Peterson,Love for Sale,Tjmxldzbtvhn3zcs5tb6qdyzh4i
Begin the Beguine,Woody Herman,The Jazz Collection,Tfyer4mjvbw2qv6crfjtywi43zm
Bei Mir Mist Du Schoen (3) (Digitally Re-Mastered),Benny Goodman,Jazz Goes Jewish (New Edition),Twfoojkez57r3p7gxr5eop3z24i
Bijou (Rhumba Á La Jazz),Woody Herman,All The Things You Are,Tfwaalpco5iwzouvfzpedirujpa
Billie's Blues,Billie Holiday,Rare West Coast Recordings,Tgriefn436kda6gdl4j666eohtu
Birth of the Blues,Dinah Washington,Mad About the Boy... The Best Of,Tycnhieamqusgopyyhfvksvul6e
Birth of the Blues,Ray Charles,Cool Soul Child,Tcavess2odm3rcguiqa464fqkdy
Black Orpheus,The Dizzy Gillespie Alumni Allstars,Dizzy's World,Ty3waqwq6xosf4mq2ilhsmx7cta
Blue Flame,Woody Herman,Woody Herman's All Time Biggests Hits,T5vmkfgovhggan2qtm3mudjttcq
Blue Lester,Lester Young,All Of Me,T2ca3ju4x6mhpkr572ont43lp3i
Blue Monk,Thelonious Monk,All Yours,Txuoqqzmhbjv26w6jj3suqx4cd4
Blue Monk,Thelonious Monk,There'll Never Be Another You,Taxwfbv7taaqesxjbzgmph4756m
Blue Moon (Remastered),Ella Fitzgerald,All of Me (Remastered),T3p57adre7hbzcsvljwzpgtnwti
Blue Moon (Remastered),Ella Fitzgerald,Penthouse Serenade,Tya3num6iqbyd3zbliuc5i25ajq
Blue Moon,Dizzy Gillespie,All the Things You Are,Ttvkgpkve4mdxukziyzbdrgp7b4
Blue Moon,Nat 'King' Cole,Savvy Sugar: The Pure Essence of West Coast Rock & Roll,T7adehq5v6mjml5hq2rphbn6wkm
Blue Moon,Oscar Peterson,Take Five,Tk5kzftedol3avb4zpxuvb2cs6u
Blue Night,Zoot Sims,All or Nothing,T635tghgarbzrfhjojhkscxeefi
Blue Rondo a La Turk,Dave Brubeck,All My Succes,Tsjpawyqw4upgplmrr2soy3suvq
Blue Rondo À La Turk (Remastered),Dave Brubeck,Time Out & Further Out (All Tracks Remastered 2014),Tv5w52vamng7mdyqmyenufx7wfa
Blue Room,Erroll Garner,All That Jazz (The Complete Jazz Collection - 245 Jazz Standards),Tb32xaj2wy2una5gw3xt4osudku
Blue Skies,Ben Webster,Round Midnight (Original Recordings),T3lrer3pa5ykv2vswivaxuzrhly
Blue Train (Alt. Take),John Coltrane,The Very Best of John Coltrane (Remastered Version),Trgzbo3w42tnmqwj6uhfwjielei
Blue Trombone (Part. 1 and 2),JJ Johnson Quartet,All my succes - JJ Johnson Quartet,Tlsnhwlukiyjdapwd7o7xiiaa5y
Blue and Sentimental (Remastered),Count Basie,Take Five (100 Memorable Jazz Performances),Tqhrtsiult2oygmi7i4mvyova2y
Blues Bikini,Dexter Gordon,All About Dexter,Twvkaow43arn2ojsmiydohvx3ka
Blues In,Art Pepper,West Coast Cool Jazz,Trxlodwhwcvkqhgvtrlqqzk5ra4
Blues Out,Art Pepper,All My Success,Tgyu32zebrwrafpvvw2a57piesq
Blues Skies,Frank Sinatra,All of Me,Tsucbrc6lvafzlfuwhidrom5sx4
Blues for Bessie,Bud Powell,All My Succes,T4orge2cguazrk4de7u24i4hjfu
Blues in the Night,Woody Herman,Happy Days Are Here Again: Songs of Liberation,Tvgc535t2gxhp4ioajphgcwsstq
Blues,Art Blakey,Greatest Jazz Drummers of All Time,Tzhteznr4sap4po4db3352o6axm
Blues,Red Norvo,All-Star Groups Vol. 1 (1933-37),Thomkhtx2owpvjxhtwjdsa7l5s4
Bluesette (Live),Joe Pass,Blues Dues,Tth5tdtjinbz5a3ymuntufqfddm
Bluesette,Art Van Damme,Jazz Set,Tq2c5red6utwdo6u2iqxwle5ylu
Bluesette,Benny Goodman Sextet,Swinging on a Star: Great American Standards,Tmzwb74no53eozwnn7yxpzyu5nm
Bluesette,Ray Charles Singers,Al-Di-La And Other Extra Special Songs For Young Lovers,Tmfbtyzkaogek7yzjio6qttsk2u
Body And Soul (2001 Remastered),Coleman Hawkins,The Hawk In Hi-Fi,T7bvnweq4inwlcfee4qoa74wapa
Body And Soul (Hollywood 1944),Nat King Cole,Honeysuckle Rose,Tp4phe4x7h6ergjpxhgagcbjemy
Body And Soul (In The Mood Mix),Coleman Hawkins And His Orchestra,Moonlight Serenade - Classic Hits From The Forties,Tdnopp6u2anvtpm3ktyyzfrfr6q
Body And Soul (Live),Count Basie Big Band,Fun Time: Count Basie Big Band At Montreux,T5rc4umyf4hqdsob4as2wd5w3nq
Body And Soul (Take 2),Wes Montgomery,Movin' Along,Tdyvwfq62ptaojtcqqivqi377ny
Body And Soul featuring Roy Hargrove,MaShica,The Real Thing,Tfletotiuo3yvf7hvmadn7bcdxu
Body And Soul,Art Pepper,The Essential Collection,Tjjdttrwghcy5bnww7s3wvqlmam
Body And Soul,Bill Evans,Essential Jazz Masters '57,Tzc3fal35pouofrsuvz2mddomua
Body And Soul,Billie Holiday,Billie's Blues Volume 1,Tqdqdhswqwfnmiaedwvckk2b7c4
Body And Soul,Charlie Parker,Storyville Presents The A-Z Jazz Encyclopedia-P,Tg2evfquxbf7y7ak4ojgzdjolmy
Body And Soul,Chet Baker,Chet Baker Sings Again,Tpmfywty3qwscnum7urjljrf56q
Body And Soul,Clifford Brown,The Lost Rehearsals 1953-1956,Twwkpgoy6iyyrtr64ji2a65yzua
Body And Soul,Don Cherry,Art Deco,Tfmi3scywuvteh4ovhwq2efjwpu
Body And Soul,Earl Hines,That's a Plenty Vol.3,Tn2neyxchohcrplvex7nrt6bcre
Body And Soul,Ella Fitzgerald,Ella Swings Gently With Nelson,Talo6i3nvqjtek2jh6klgqqmwhy
Body And Soul,Jason Moran,Blue Note 101: Jazz Standards,Tpe3rvi4ygzlhtsb5ctivd353mq
Body And Soul,Jimmy Giuffre & The Modern Jazz Quartet,The Modern Jazz Quartet & Jimmy Giuffre - Complete Recordings,Tmfo24u6wihvinywtfj52anupna
Body And Soul,Keith Jarrett Trio,The Cure,Tjqw46jvvstdtw7dfhrbwtof3ai
Body And Soul,Lester Young,Lester's Mop Mop Blues,Tzg4ytrytnnty3p2cgt7sf2asqe
Body And Soul,Louis Armstrong,Louis Armstrong & Friends,Txf5q3zjddp2somggzgyr6x4otq
Body And Soul,Milt Jackson,MILT volume 1,Tzmk74hlswl7xeoazsubgj53q4i
Body And Soul,Nat King Cole,Body And Soul,Tdgkbpw6zzhvpktmsasitpiivfq
Body And Soul,Red Garland,The Most Relaxing Jazz Standards In The Universe,Tzvvl2bknqzngtsjr3ykblan7na
Body And Soul,Sarah Vaughan,Body & Soul,T2hv7tc7avdtjqsojmk2tdfjtty
Body And Soul,Sarah Vaughan,How Long Has This Been Going On?,Toopazb6r7l4gb647mki3n4undm
Body And Soul,Sarah Vaughan,Ladies Sing The Blues,Tf3mu35qh2cgncd256a6cjr3w3u
Body And Soul,Sarah Vaughan,Take Five,Tgudiim6vkvjqylin6tdv542ee4
Body And Soul,Stan Kenton,Adventures In Jazz,Tvddasc2jqqz6vef2pno6tcwng4
Body And Soul,The Benny Goodman Sextet,Small Groups: 1941-1945,Tjcu5n4aglhlrno7tyvyksqs4tu
Body And Soul,The Count Basie Orchestra,Basie Is Back,Tn4unh7wyqmjnyrq6x4tanrbyq4
Body And Soul,Woody Herman,Encore 1963 (HD Remastered),Tpnkql6cutypzdkgrfermmeobru
Body And Soul,Woody Herman,Jazz Café Presents Woody Herman - Body And Soul,Tzrt7ah3rx42jia2uc2o3jsxos4
Body and Soul (1995 Remastered),Coleman Hawkins,Body & Soul,Tzfzkpoxfnikuta76diebjkf6za
Body and Soul (Remastered),Billie Holiday,Penthouse Serenade,Tkslqsvwuewbqwpj2njjsghynsq
Body and Soul (Remastered),Duke Ellington,Jumpin' at the Woodside (Remastered),Tu4sxtyzpccqu3dqviggvdezeka
Body and Soul (Remastered),Oscar Peterson,Caravan (Remastered),Tptahwxffk34lreavjns5ux5z3m
Body and Soul (Remastered),Sonny Rollins,Body and Soul (Remastered),T3ht6uoratrwte36mypl3fx2bkm
Body and Soul (feat. Sarah Vaughan),Dizzy Gillespie,Dizzy Jazz,Tgpw5jbap3q7ef6f3poc6eidp3u
Body and Soul,Al Cohn & Zoot Sims,Moonshine Jazz Classics for Valentine's Day,Tz6fvuozrkpnlidugk2fv3kl5he
Body and Soul,Art Blakey,Simplicity,Tlen6h3jtwhcsgb6kbtomagwwlu
Body and Soul,Art Tatum,Jazz Ballads - 18,T3bjqcwuyuemozal3n6ajc3hkx4
Body and Soul,Ben Webster,Ben and the Boys,Toqxevntidiv7w3zk5xbrvnr2vy
Body and Soul,Benny Golson Tenor Summit,Tenor Legacy,T6pgbopssab3okent6rkrzw7jb4
Body and Soul,Bud Powell,Moon Glow,T6pfsr7we4vs6ptwolzna3qrhz4
Body and Soul,Charlie Parker,Strike up the Band,Ttpflxmfggvs6gwlt7juweythb4
Body and Soul,Coleman Hawkins,Body and Soul,Txe4cbbsb5zzct2tdbinzwpjcee
Body and Soul,Dexter Gordon,Bobland,Thdej6sqwebdaitaeicsmghbdxy
Body and Soul,Duke Ellington,Piano in the Foreground,Tvrhu7ft6qdzecncvtgedfs33ny
Body and Soul,Erroll Garner,Penthouse Serenade: The Debonair Erroll Garner,Tlyjcb4kono2r64a7nqe2pdkyme
Body and Soul,Frank Sinatra,Frank Sinatra's Sunshine Cake,Tjub3lfq7g4bguakwprdiuxzx74
Body and Soul,Frank Sinatra,That Old Time Music Vol. 17,Tyymmatjxfl77wernmamfrvlhnm
Body and Soul,Herbie Hancock,'Round Midnight: Original Motion Picture Soundtrack,Tjo5lvgqp5yg2mub4trmxrs6xwe
Body and Soul,Jim Hall,Live At The North Sea Jazz Festival,Ttzgtm3dpmrx4dfk2etu3yzdwum
Body and Soul,John Coltrane,The Very Best Of John Coltrane,Twh2s65w5lriugps46nn5ijdfci
Body and Soul,Lee Konitz,Romantic Blue Ballad - Somewhere,Tjj46w2hh6mukuu7rug4ar45sca
Body and Soul,Lester Young,60 Years Young,Tqbakwaaufzbjd6oy55babl5zvy
Body and Soul,Louis Armstrong,Body & Soul,Tj7owxwn3lbotfonctlqe7yn5sm
Body and Soul,Miles Davis,Early Miles Vol. 1,T7by47uzq4vqiekgudvkz7y5kom
Body and Soul,Oscar Peterson,BD Music Presents Oscar Peterson,Tokoiicszyt6uezeee6nvmg6wxa
Body and Soul,Phil Woods Trio,Just Friends,Tpzrcqhx37bzslgpaosge3xj67y
Body and Soul,Sonny Stitt,Body and Soul,Tc7xzfs4hgdutccuzzc4rt7uph4
Body and Soul,Sonny Stitt,Essential Jazz Masters,Tlblaftsox5c2xrtefi6yh4nitu
Body and Soul,The Benny Goodman Trio,Ken Burns Jazz - Benny Goodman,T6ll2yaoqlaaj2a6jnsnuu54lvm
Body and Soul,Thelonious Monk,Monk's Dream The Thelonious Monk Quartet,Tjy4knyzbayrwsxgwhd2ebcf32y
Body and Soul,Wes Montgomery,Body and Soul,Tsrnwkxhsrbn5qmulf2fjsszoby
Body and soul,Lionel Hampton,american swinging in paris,Tqwzjua7t24f7obfwqdj4uhlfwi
Boff Boff,Louis Armstrong,A Foggy Day,Tmt3t6pd5jekfcw6abibgggnn7m
Born to Love,Lester Young,Easy Living,Twthcx3yo5havxogjjs4q3kr7qe
Brain Wave (Remastered 2006/Rudy Van Gelder),The Horace Silver Quintet,You Gotta Take A Little Love,Tol7jo4qelgemrgujfcwgd7t7ie
Bughouse,Red Norvo & His Swing Octet,Jazz in the Charts Vol. 27 - Summertime,T3opcvy5hxrluzvox2nmfib7cqm
Buhaina,Horace Silver,Jazz Piano Masters: Honeysuckle Rose,Tkz7nhq3tkikmssmdmadyd2ewma
But Not For Me (Live),Sarah Vaughan,Lullaby Of Birdland,T7znc477itkah2c43oxiu4wdpfm
But Not For Me (Pero No Para Mi),Chucho Valdés,Bele Bele En La Habana,Tngrzqdab3ufrohrya72lo2ca5u
But Not For Me (Take 4),Ben Webster,Meets Bill Coleman,Tif6af7q4tpaf5q6r5aqudnii6e
But Not For Me (feat. Paul Chambers & Art Taylor),Red Garland,Red Garland's Piano,Tim35uzhu2ddjsubk3fpbikrdpe
But Not For Me / Isn't It Romantic / The Opener,Bill Evans,The Complete Fantasy Recordings,Tipwxzazhc6p4nog73pbdpbzaw4
But Not For Me,Benny Goodman,Slipped Disc,Te77x7ii5hd2kkaed7zlvdoq6xq
But Not For Me,Chet Baker,Jazz Masters: Dave Brubeck and Chet Baker - Vol. 2,Tibbj5y3pbwtxmbljrzxyaouhwu
But Not For Me,Dexter Gordon,Take The A Train,Tvf6tkl7im2bpt3thbu5o4guqfu
But Not For Me,Erroll Garner,The 1956 Studio Sessions,Tplkmcwpxeqk4o6pqlrr4wtf2qm
But Not For Me,John Coltrane,Finest Sax in Jazz,Tlxbbtbgakhx3rhyzomshaqybqi
But Not For Me,Modern Jazz Quartet,All Of You,Ti3mm6ep3knzhfnbj5omngacbta
But Not For Me,Nat King Cole,It's Only A Paper Moon,Tsdg7sk74l6h3vfkemu2lj2herm
But Not For Me,The Modern Jazz Quartet,Django,Tqsaooi5q2ccnoqrfoi55rbylc4
But Not For Me,Woody Herman,Radio Live: Sarah Vaughan and Woody Herman,Tqvs2fq4f37rqxt4szc5mnsldvi
But Not for Me,Billie Holiday,Billie's Blues Volume 9,T2kt7wht5djxl3fb54m3wsqpwvm
But Not for Me,Billie Holiday,This Is... (Billie Holiday),Trmti2tmd3feeqfe3eajzli7oxa
But Not for Me,Chet Baker,Sings & Plays,Trxovords7fx2kftyvoosvlnrna
But Not for Me,Chet Baker,Songs for Love,Th6agv4jr7nbwfd4n3e23mkknhe
But Not for Me,Dinah Washington,It's Magic,T6qjrtedd2vqdjcuuv5q3z5f5oq
But Not for Me,Earl Hines,Up to Date with Earl Hines,Tnpudeso53nyqjz5kuvkziowiqq
But Not for Me,Horace Silver,Horace Silver : My Best Songs,Tgryruxsd7emqvizjtm7zsprcmu
But Not for Me,Jo Stafford and Art Van Damme Quintet,Once Over Lightly,Tqzyqcnfybbghkaqcnfw727tlya
But Not for Me,Miles Davis,The One and Only,Tbay4jrvrosv7v6atfrvn6ib7dq
But Not for Me,Red Garland,Red Garland's Piano,Toynhrjgjtqh5iquhbg2jpo3vty
But Not for Me,Ruby Braff,Ruby Braff: Complete Recordings with Hank Jones Feat. Jim Hall,Tmoh3odmkwgmsqfn7lt4xacrtze
But Not for Me,Sonny Stitt,37 Minutes and 48 Seconds,Thmfoa3akakretb3m7tgi4qptwq
Buttercup,Bud Powell,Romantic Summertime Jazz,Tdwvl7qcmi7zjbpoammc7bqanxy
Bye Bye Blackbird (Live - Instrumental),Milt Jackson,At the Kosei Nenkin,Tariwt27syme27h7byofrov6saa
Bye Bye Blackbird (Live),Miles Davis,Seven Steps: The Complete Columbia Recordings Of Miles Davis 1963-1964,T2fwr2xywurxe5oiduah4atphj4
Bye Bye Blackbird (Live),Red Garland,12 Classic Albums: 1956-1960,Tytn3wggbe3iitop5gajanlwr5q
Bye Bye Blackbird (Remastered 2016),Carmen McRae,Birds of a Feather (feat. Ray Charles / Ben Webster) [Remastered 2016],T4x74rbsz56vatbqeve323btln4
Bye Bye Blackbird,Art Van Damme,A Perfect Match (Bonus Track Version),Tori2ovxu4vvrjhprl6323wkmam
Bye Bye Blackbird,Ben Webster,Ben Webster's Big Sound,Ttlhqgzlbhks7liwcm3e6zbg55a
Bye Bye Blackbird,Ben Webster,Live,T7jl5v6nwy7wbuejuq4rz6hfusa
Bye Bye Blackbird,Benny Goodman,Moscow Sessions,Tnkmabgc44gw664qukc5olnmzb4
Bye Bye Blackbird,Chet Baker,Candy,Tgpg7pl6lyqijla5t7y63dp3b4i
Bye Bye Blackbird,Earl Hines,The Complete Recordings: 1951-1961,Tbaww3dsjoo2xs5gid7wki5cwle
Bye Bye Blackbird,J. J. Johnson,50 J. J. Johnson Essentials,Tofreshhfczltutrzuy4likeiee
Bye Bye Blackbird,John Coltrane,Bye Bye Blackbird,T4hlh5ubfnt37ybyvvix3jqolmu
Bye Bye Blackbird,Keith Jarrett Trio,Bye Bye Blackbird,Tjiphmjceyubovkpn4gysivybke
Bye Bye Blackbird,Keith Jarrett,At The Deer Head Inn,T7lok3cgfwezc25zbryiuugyaxe
Bye Bye Blackbird,Miles Davis,Absolute Miles Davis,Ta7w7ohhxqjlgkr7ldhedgczgti
Bye Bye Blackbird,Miles Davis,Sunny Side Of The Street,T6k33iovrmkdbitndkveuqay6my
Bye Bye Blackbird,Nina Simone,Bye Bye Blackbird,Twmqom2wbx5z2plw3bmoex34524
Bye Bye Blackbird,Nina Simone,Giants of Jazz,T2vpixi2655pkzxf3rq64bznbn4
Bye Bye Blackbird,Red Garland,Bebop Jazz Legend,Tkfk5kfzyz424jaymyqd5ald5fi
Bye Bye Blackbird,Sarah Vaughan,Live In Japan Vol 2,Tmohj4a43agmhnplr3ya7kikjny
Bye Bye Blackbird,Sonny Stitt,The Classic Albums Collection: 1957 - 1963,Tj3ubddm5sbtsbfwy2kkzftgbya
"""C"" Jam Blues",Woody Herman,Woody's First Herd,Tdukhk4i2r7cyaonew65k3akz7q
C Jam Blues,Count Basie & His Orchestra,A Study in Brown,Tfwob2ibt6xpjihowt3oqfv2njq
C Jam Blues,Dave Brubeck,Dave Brubeck Live!,Tctbljtvo2b7jhzc5itd6q7xxem
C Jam Blues,Dave Brubeck,Newport 1958,Tduggmjax2ixxbihmtf6r5ry4eq
C Jam Blues,Earl Hines,Live Broadcasts From The Hangover Club,Twbuia6dn3prjt2vfungl5ketyy
C Jam Blues,Earl Hines,The Duke Ellington Songbook,Tzb56l5vatpmsux54qfeekd6ssq
C Jam Blues,J. J. Johnson & Kai Winding,Live 1959,Tg6eowbreoh6ivdiwjtqyyywffm
C Jam Blues,John Pizzarelli,Rockin' In Rhythm: A Tribute To Duke Ellington,T72veggyj2obaodeekhltbnpyha
C Jam Blues,Louis Armstrong,Louis Armstrong Selected Hits,T547wgfzp4rs3zvk2x4qo3cxwfi
C Jam Blues,Red Garland Trio,The Ultimate Jazz Collection,Tbhq45lw4tj6j5s47jhtf7pd25m
C Jam Blues,Red Garland,Groovy,Topaxyv5pzfwytvannjvcvbx5ce
C Jam Blues,Sonny Stitt,Plays Duke Ellington,Tnji3jqutvesisqdbwhnt6p7tva
C Jam Blues,Sonny Stitt,Rearin' Back,T2grqgcfzvqjgexcgz7alv25znm
C-Jam Blues,Bill Evans,Very Early Volume 1,Tlrqa5dxp2bgoanarwunwclmdji
C-Jam Blues,Dexter Gordon,Tenor Titans,Tfm4gpg3sg6evvs6lldivbplaaq
C-Jam Blues,Duke Ellington,Duke Ellington,Tmsfoapuwwncrxcqv7mnqfqfwgy
C-Jam Blues,Michel Petrucciani,Promenade With Duke,Tk33v7noui3jdgwj63nbdgvfeim
C-Jam Blues,Michel Petrucciani,The Blue Note Albums,T6h5px6uonlxi77ghae3hie2ija
C-Jam Blues,Oscar Peterson Trio,The Greatest Jazz Concert In The World,T7wycpgjuwpllewhbsxk4fcsxla
Calcutta Blues,Dave Brubeck Quartet,West Coast Jazz (Classic Jazz Recordings),Tdk3lkrgppz6zr2d562p63qkx2q
Caldonia,Woody Herman,Round 'Bout Midnight,Tb5mo6vkor56vheeumzingrjxxu
Calypso Blues (Remastered),Nat King Cole,The Best of Nat King Cole (All Tracks Remastered),Tpgfdwd7krthntji7ut7ljkeblq
Can't Take That Away From Me,Sarah Vaughan,Birdland (Digitally Re-Mastered),Tdftbl7aj4dwyk5orrnbtluobme
Cantaloupe Island (Live) (feat. Herbie Hancock),Chick Corea,Herbie Hancock Songbook,T77prk6p5qusgvkjn5nbt3l374i
Cantaloupe Island,Herbie Hancock,The Best Of Herbie Hancock,T3eihehfx4sybch2g7pqwatspvy
Cantaloupe Island,Herbie Hancock,The Miles Davis Sidemen,T4idjoh4ftygm4kkk4zpvwkm4gy
Cantaloupe Island,Herbie Hancock,The Soul of Jazz,Tg7okuylsq4khluyaz7rjdhqr2i
Caranaval (Theme from Black Orpheus),Joe Pass,A Sign Of The Times & Movie Themes,Tkudzcrpnmnkeuoywi2khzh2rym
Caravan (Digitally Re-Mastered),Benny Goodman,Pure Big Band Magic (New Edition),Tx5bop3rhtvi5ynihh4fviwgmle
Caravan (Instrumental),Milt Jackson,A Celebration Of Duke,Tb6me76czpl2elulhdrilseqw24
Caravan (Live) (feat. Marcus Roberts),Chick Corea,The Musician (Live),Tmbcbphasrfp7rhezuwei7i73le
Caravan (Live),Coleman Hawkins,Hawk Talks in Europe (Live),T6ec323ivlfvja5pr2h655jzd2u
Caravan (Remastered 2018),The Bob Brookmeyer Orchestra,Bob Brookmeyer Golden Tracks (feat. Bill Evans / Stan Getz / Zoot Sims / Jimmy Raney) [All Tracks Remastered],Tbaa42qbx33bzejok5hs72kbgui
Caravan (feat. André Sachs),Paulo Moura,Fruto Maduro,Tvtrlaborjaswiebygdgax6bcz4
Caravan Riffs,Bud Powell,Ups and Downs,Tpspqqf6mtmlw3hyfxafxve7miy
Caravan,Art Blakey,Caravan,Twppkuopoioabrbaff7r3f2jfjq
Caravan,Art Blakey,Dazzle Jazzle: Jazz of the 1960's,Tyd2ebp2jq23i4hl4oq6fhogjcy
Caravan,Art Pepper,Live in Japan,Tim3yb7mldsfl4zqddhmrtrzz4u
Caravan,Art Tatum,Live Performances 1934-1956 Vol.7,Td6wxy3ivgqwlkqzecjfw2f5w6a
Caravan,Art Tatum,The Best Of Art Tatum Vol 8 (Remastered),Trjiisg76epkpric2klud7362vi
Caravan,Ben Webster,At The Renaissance (Remastered),Ti5cz3vxetb3mcdkc6rowuxlava
Caravan,Ben Webster,Valentines Day 1964 Live!,Tj7ttwbwj63xmdmfcp7lcznft5q
Caravan,Benny Goodman,Steamin' And Beamin',Tobadcdrgojp7pme6hugr67onay
Caravan,Charlie Parker,Complete Bird At the Bandbox (Remastered),Tt3snujmbreoalleaiedx2o6mgy
Caravan,Chucho Valdés,Best Jazz 100,Tptd2arxaeypakkonuim676bmny
Caravan,Clifford Brown,15 Classic Albums 1954-1960,Tjv6u4hmoih7bg323tw64ey74ue
Caravan,Clifford Brown,For Real,Trad6uvhlvr4illd7x4vggvzxjy
Caravan,Count Basie,The Jazz Collection,Tu7z2mo6pgltctxby36zlatpbk4
Caravan,Dave Brubeck,More Brubeck,Tolgwwj2d5iwtarduvvqad5hkfy
Caravan,Dizzy Gillespie,A Portrait of Duke Ellington,Tt3n2gwyzrclymfujgm6yuxk6gm
Caravan,Dizzy Gillespie,Caravan,Tvv4drtvjnyeaw4ug4mgme5y3iu
Caravan,Dizzy Gillespie,Dizzy Gillespie,T6lhyr75vexpddlsyt6nzyg7he4
Caravan,Duke Ellington & His Orchestra,Ken Burns Jazz-Duke Ellington,Tdv32knqzumzw65zt4lgzrkjqv4
Caravan,Duke Ellington,Lionel Hampton & Duke Ellington,Tultkvctdpketecjcng5lfkeg3i
Caravan,Earl Hines,The Duke Ellington Songbook,Tgga2ibac2esf2dnciveszxg45m
Caravan,Ella Fitzgerald,Soul Sisters: Billie Holiday & Ella Fitzgerald,Tuvdvforgtk5wpfxuze246ihxve
Caravan,Erroll Garner,Cherchez La Femme,Tkoyjb4ex5g3ijmnoooaawy2vwe
Caravan,Louis Armstrong,Swinging with the Mills Brothers,Tywwh35gaohyp6coznvts2glhhu
Caravan,Michel Petrucciani,Triple Best Of Petrucciani,Tqxhqgo4b6szhpwpghzizoepzqa
Caravan,Oscar Peterson,The Giants,Tcbevetet4k3jlij5blvwyzmzh4
Caravan,Phil Woods,Jazz Gold,Tv7vnlxcjeaawf6ew64t2s4k6mm
Caravan,Thelonious Monk,Brilliant Corners / Plays Duke Ellington / Thelonious Monk Trio / Thelonious Monk & Sonny Rollins / Thelonious In Action (Five Original Albums),Tcj6hmot4yhqmyhsuryoi6cn2zm
Caravan,Thelonious Monk,Plays Duke Ellington,Tvadf5mlon4wwaqffcxoylnp6x4
Caravan,Wes Montgomery,Whiplashed! Jazz Drums Superstars,Ts2jxba3xapbltplsn5j7ha7i54
Caravan,Wynton Marsalis,Marsalis Standard Time - Volume I,T33y6vdj7qy64q7kaq5dofxxkhe
Caravan,Zoot Sims,Zoot Sims Recorded Live at E.J.'s,Tro724tzmjnce6v4qsbs54rdde4
Central Park Blues,Nina Simone,For All We Know,Ty62ixziuhko7zg7toudkyfpoqa
Cheek To Cheek (feat. Phil Woods & Cedar Walton),Madeline Eastman,Mad About Madeline!,Thrpvgewl64kpgvbi3zclftnplm
Cheek To Cheek,Benny Goodman & His Orchestra,The King In Person,Tgt7xiyhntj6mfyvx7c6swauymi
Cheek To Cheek,Coleman Hawkins,Coleman Hawkins 1949-54,Tr2njq3kyqmwff4fylhjuv5xhya
Cheek To Cheek,Ella Fitzgerald,Dear Old Stockholm,T7iuuej3nbhmsb7tgua5627jkbq
Cheek To Cheek,Ella Fitzgerald,Ella Meets Duke Ellington & Irving Berlin,Tw2724mayygv46pw5py3pq6fmt4
Cheek To Cheek,Erroll Garner,Erroll Garner Plays For Dancing,Tdchydhxsgukvu4laxk7mkwxnpe
Cheek To Cheek,Frank Sinatra,Cheek to Cheek,T7y76niwegfayex33brx2kkacse
Cheek To Cheek,Horace Silver,Down Home Vol 1,To27g4ianhjiiasi5ayrpnvr5cu
Cheek To Cheek,Red Norvo Trio,The Savoy Sessions: The Red Norvo Trio,Tussve2p5vj5sus22riv5dfl4cm
Cheek To Cheek,Sarah Vaughan,No Count Sarah,Tafi4r6wyzyaasnvdyn7ygav2gm
Cheek to Cheek (Bonus Track),Art Van Damme,A Perfect Match (Bonus Track Version),Tre3rscdzjof6efamoh3wlt7hk4
Cheek to Cheek (Remastered),Count Basie and His Orchestra,Pure... Jazz,Tjlqzzojx2l7s6cyycyzdzod5o4
Cheek to Cheek (Remastered),Frank Sinatra,Frank Sinatra Anthology (All Tracks Remastered 2015),Taoiguzixycvz62d6usxksz37cm
Cheek to Cheek,Art Van Damme Quintet,Martini Time,Toadamvwdftzncmtaji6genbo3y
Cheek to Cheek,Billie Holiday,Billie's Blues Volume 7,Txiy5bwzhtn64r3f2c2dgrcz3yi
Cheek to Cheek,Frank Sinatra,Nat King Cole vs. Frank Sinatra,Tyyr4bkjgmquqfsylj3n7fnlgzu
Cheek to Cheek,Kai Winding,White Bebop Boys Vol. 7 (1951) Stan Getz – Kai Winding – Zoot Sims,Tp54kt4qxg6lgxqflbmdbj6qefm
Cheek to Cheek,Louis Armstrong,!Satchmo and Pops!,Ta72lyc5xax2p54hasyoelci5hu
Cheek to Cheek,Oscar Peterson Trio,111 Swing Classic Masterpieces (Jazz Masters),Tgl45b3ufcpevfyoevdqcdiuhm4
Cheek to Cheek,Sarah Vaughan,The Collection Volume One 1953-1960,Tfu5xggdc5lap5ywa2m55sudjm4
Cheesecake,Louis Armstrong,Stardust - CD1,T572y6go7bgwo5e2aywwo54hpym
Cherokee (06-05-47),Benny Goodman,Complete Jazz Series 1947 Vol. 1,Twmp5xvutr6uoszmj5pyuna4jiy
Cherokee (Indian Love Song),The Modern Jazz Quartet,Improviso no Jazz,Tb774bscdmj4zbgdze5rehemmvi
Cherokee (Indian Love Song),The Modern Jazz Quartet,M.J.Q. And Friends: A Celebration,Tfvcrtwihcsxmadm7lmu6rpychi
Cherokee (Live) (feat. Jason Marsalis),Lionel Hampton Big Band,Live at Rossmoor,Tgvh6zwiqt2lj5iypeig55zmuxa
Cherokee (Live),Art Pepper,Live in the USA,Tj5zy37cycfbek5smes522d7hf4
Cherokee (Live),Chet Baker,Chet Baker in Italy,Ty53qi426shemsagqv4hnl7o6qi
Cherokee (Parts 1& 2),Lester Young,Essential Masters,Ttxylwdmekiznl56gxhgc7kki4u
Cherokee (Remastered 2018),Philly Joe Jones,Drums Around The World (feat. Cannonball Adderley / Benny Golson / Wynton Kelly / Curtis Fuller / Blue Mitchell / Lee Morgan) [Remastered 2018],Tytfbmh2luraa4ii7a6clhb7viq
Cherokee (Remastered),Clifford Brown,The Very Best of Clifford Brown (Remastered),Tolgtrlbgwxpub376jo25j42rtm
Cherokee (feat. Art Blakey),Clifford Brown Sextet,Cherokee (19 Versions Performed By:),Tdndvbkwsbjlmpgfoiy3v6vfqv4
Cherokee (feat. Coleman Hawkins),Shelly Manne,2 3 4 + My Fair Lady,Tl67p5ggbgpbcvwjr2dhh7dhiky
Cherokee Canyon,Woody Herman,The Very Best Of,Thliai2bbdlc5jmmc2bydxbbzau
Cherokee,Art Pepper,Complete Tv Studio Recordings,Tdguz4c3viocmkgpf4lytdtwkce
Cherokee,Art Tatum,Art Tatum Diamond,Tink7jil4uphp6li7xsd7ygcqci
Cherokee,Art Tatum,Coffee House Jazz,Tdgxklipoife2i2dawzn3q6omje
Cherokee,Art Van Damme,Lullaby in Rhythm,Tgqtpysf3e655jyprrpyssr6i5a
Cherokee,Bud Powell,Un Poco Loco,Tt447e6jflkf5qyna7up6xugcjq
Cherokee,Charlie Parker,Archive Of American Popular Music 1934-1945,T3xovfpcbxbvcjbpjwkkg5npobi
Cherokee,Charlie Parker,The Birth Of Modern Jazz,T266d2wbqtfxhdehfokfig4e3iy
Cherokee,Chet Baker,The Very Best Of Jazz - Chet Baker,Tuydvjdz6l5dufwo3i3vlhaflzq
Cherokee,Clifford Brown,Cherokee,T3do7nfvqvy76hfrb4dcggzsjmy
Cherokee,Clifford Brown,How High The Moon,T2646d4ohtzetjinvf7sier4ody
Cherokee,Dexter Gordon,Greatest Hits,T7mf3dnhksytu574jp73zmawmgq
Cherokee,Dizzy Gillespie,Dizzy Atmosphere Vol.3,Tytuvmjai6wwysyxq5f6wxzjktq
Cherokee,Duke Ellington Orch.,Duke Ellington: The Reprise Studio Recordings,Tdp6rqn4wiealfrtms54y6lgwvi
Cherokee,Earl Bostic,The Masters of Jazz: 33 Best of Earl Bostic & John Coltrane,Ta3febfbrrdz7biaxde7hj5xr4y
Cherokee,Erroll Garner,Mambo Moves Garner,Tbyvsbv7hb3ky6hwthseuk3pb7a
Cherokee,Erroll Garner,The Jazz Collection Volume One,T4syhbgoyt4lg632bfxfzcr27ze
Cherokee,Joe Pass,Virtuoso (OJC Remaster),T2wnrwaeocw4vx26ob4klx5tmjy
Cherokee,Lee Konitz,Alone Together,Tn7mkcts2v4wvosycnbc2ie6h5q
Cherokee,Lee Konitz,Dovetail,Tukaapm6usnhwzacoxmt2owlsz4
Cherokee,Lionel Hampton,Tintinnabulation!,Tek25aa7agm3ypolruhucxnhw5i
Cherokee,Oscar Peterson,The Complete Mercury/Clef Recordings,Tsucgvbyv3yksenntz4bsvv3cru
Cherokee,Red Garland,Bebop Jazz Legend,Tozywjtbi4p66dpv7wnhag5iohy
Cherokee,Sarah Vaughan,Greatest Masters 1953-1960,T67qgdrwk6ei4v4pabdbra7hi4i
Cherokee,Sarah Vaughan,The History of Jazz Vol. 2,Tdrmsvulsllbaatpgdz4gfulnwe
Cherokee,Sonny Stitt,Essential Jazz Masters,Tzf6i26ch4cpuacixlgqdiiwiai
Cherokee,Sonny Stitt,The Jazz Collection Volume One,Tsorcws6scyx3s6jntt5jetweja
Cherokee,Stan Kenton,City Of Glass,Th6ftlj45pep5ah45wqkahafnpy
Cherokee,The Nat King Cole Trio,The Macgregor Anthology,Ttuoyxafrp4eiajwlkdi2ovvtpm
Cherokee,Wynton Marsalis,Marsalis Standard Time - Volume I,T3yhjqgbvfv2pg56447vxgo5h2q
Chicago Rhythm - Take 1,Earl Hines,Have You Ever Felt That Way?,Tmwifen24co2jxhkwsmk5mwto24
Chicago,The Count Basie Orchestra,Desafinado,Tuhbsisgwad7bhzislo6mdctqp4
Chick Corea,The Sound Position,Misty Mountain,T54ljtdrliwt2rq6dywjbgfudhi
Chili Pepper (Take 5),Art Pepper,Discoveries,Texstxhamuqgytaaovblplu6abm
Chloe,Art Tatum,Autumn Leaves: Romantic Jazz Classics,Tige6fuodrn7ewrxsu5dli6lmxa
Chronic blues,John Coltrane,All the Best,T55yn6ypceqxe3mxgi35euyikxm
Come On Home,Horace Silver Quintet,Every Time We Say Goodbye,Tcaxwvitjpevvg4wipztjszeiki
Come Out and Meet me Tonight,Art Blakey,I Could Have Danced All Night,Tdiuvutibmtuj3omrayxk5v3way
Come Rain or Come Shine (Take 2),Art Tatum,Live Performances 1934-1956 Vol.5,T4ch52rdcet73bdp7atpfcxfpxe
Coming On the Hudson,Thelonious Monk Quartet,Moonlight Serenade,Tkl43wjfi6vydrn6soz7bbgm4em
Compassion (A/K/A Compensation),Nina Simone,The Very Best Of Nina Simone 1967-1972 - Sugar In My Bowl,T7pk3jca4nksanrlisgnnpwmyym
Concerto To End All Concertos,Stan Kenton,Willow Weep For Me,Tjzpti74xb7dojc4y2ut6ai352u
Confessin' (That I Love You),Louis Armstrong,What Is This Thing Called Swing (The Decca Recordings Vol.4),Tyz7niqyryvnnill73juzsdznsi
Confirmation - Lullaby of Birdland,Art Blakey,49 Essential Art Blakey Classics,Tcdfwh2dieb5em2f2muwkr5bo3e
Confirmation - Lullaby of Birdland,Clifford Brown,Jazz Explosion - Volume 1,Tvgrjzugp7jr36q7ilhrld25fha
Confucius Blues,Lee Konitz,All My Succes,T3zud4vgp6fztkwuwo2hm2ym3tq
Cool Blue,Coleman Hawkins,All Stars,Ta76f7pdudjmhddqona76x327fa
Cool Blues,Charlie Parker,West Coast Time,Tj4nkdjahfhyf2qjlpvrhyc7qvu
Corner Pocket (aka Until I Met You),Duke Ellington,First Time! The Count Meets The Duke,Tirxjhfkpel6n5js6u5st3tcm2y
Corner Pocket,Count Basie Big Band,The Golden Years,Tojjqqbqnxsyq7yhp6mllrxnh4i
Corner Pocket,Duke Ellington,The Jazz Collection Volume Two,Tfyczau454k5kbak6325w35cbbq
Corner Pocket,Lionel Hampton,Just Jazz: Live At The Blue Note,Tvtf5ox3v6oqyg55fdlq7gkwjwm
Cry Me a River,Dexter Gordon All-Stars,Ace Records 40th Anniversary,Tp4vg76ayym3rlev5fy5l3psk7y
Cry Me a River,Dexter Gordon,All My Succes - Dexter Gordon,Tkppymkfwkxz6dwj4jwmstk32zm
C´ Jam Blues,Oscar Peterson,Jazz for Late Nite,Tst2u2hgpevj3iyajxtuvqatc4i
Dark Eyes (Take 5),The Stan Kenton Orchestra,Stan Kenton Orchestra -- Takes,Tb6p2gscsxfjlkyq4zmruw5nyki
Dave Brubeck,Mellow Robinson,Not Myself,Tfczaqgoj57risbo7iwyouwgay4
Day and Night,Nina Simone,Sings The Blues,T6mc527gpm2g57k643b7bbcu4l4
Dear Old Stockholm (feat. The John Pizzarelli Trio),Harry Allen,Harry Allen Meets The John Pizzarelli Trio,Tmrmxp5arf2bynugenfk6e3b34a
Dear Old Stockholm,Benny Golson,Brown Immortal,Tedzoemqzmdhjmsas7txeimpkbm
Dear Old Stockholm,Bud Powell,Moon Glow,Tj4526d5qwb4suaybziat5hlvim
Dear Old Stockholm,Chet Baker,Ze Best - Chet Baker,T66kwzlnwb5icodqt3uaspebf74
Dear Old Stockholm,Miles Davis,'Round About Midnight (Legacy Edition),Tsvmbybqlluq7m2zgt4g5vslbsi
Dear Old Stockholm,Miles Davis,'Round Midnight,Tzjqrlvuitrdnrec7lg63z6rndq
Dear Old Stockholm,Miles Davis,Miles Davis - Miles Ahead,T3i2ytpljastwmis6w6mliqdfym
Dear Old Stockholm,Phil Woods,Phil Talks With Quill,Tajxcvmn2eszknlq6dzhi645qo4
Dear Old Stockholm,Roland Hanna,Bird Tracks - Remembering Charlie Parker,Toojksq3fco4m4lrhyyw6yzhmca
Desafinado,Charlie Byrd,Riverside Profiles: Thelonious Monk,Trhbmu6b3l7bnboawyii25wuzqy
Desafinado,Charlie Byrd,Riverside Profiles: Wes Montgomery,Tuwdqn3yxrftey3ycqubm26z6lu
Desafinado,Coleman Hawkins,Bossa Nova Jazz Instrumentals,Tkuffvexoffyidtybrdysebkf3i
Desafinado,Coleman Hawkins,Desafinado,Tfsws3ghqwl2xl6ldh7he6qn2ki
Desafinado,Dizzy Gillespie,Desafinado,Tmacuqndjdo7dn2ueaobpgo5td4
Desafinado,Sonny Stitt Quintet,Songs Of Summer,T4dgnugqss737n7gcrtdd36helq
Desafinado,Stan Getz & Charlie Parker,The Bossa Nova Experience,Ta6fxf7qxmajqxllhl7bqu2efze
Desfinado (Off Key),John Pizzarelli,Bossa Nova,T5xcx7zcvptgngnemclnqmrjk6q
Dewey Square (Take 5),Charlie Parker,Charlie Parker on Dial: The Complete Sessions,Tj56ww5vwyjl3crhg7zz2zzoiia
Dexterity (Remastered),Charlie Parker Quintet,Begin the Beguine,Twvdbr5tmv7sp6j5gmor7favk4e
Dextivity (Remastered),Dexter Gordon,Take Five (100 Memorable Jazz Performances),T2m37z4d7p6ot5nvixabzidfwoe
Django,The Modern Jazz Quartet,Penthouse Serenade,Tgx6lpwjkiu5r5lzfa4u6txez3m
Do Nothing' Till You Hear from Me,Nina Simone,Body and Soul (Jazz for Him - Music for Valentine's Day),Tqetumck3fu3lus7wdt6tu62vqm
Don't Be That Way / Stompin' at the Savoy / Sunny Side of the Street / In a Mellow Tone / Moonglow / Bei Mir Bist Du Schoen,Benny Goodman Orchestra,Big Bands Live,Tcx7v24txuw54j7hvfbu5vu5yiy
Don't Blame Me (Remastered 2016),Phil Woods / Gene Quill / Sahib Shihab / Hal Stein,Remastered Hits (All Tracks Remastered),Tvgdgksobr7sglfgawt2ic2z6ba
Don't Get Around Much Anymore (Remastered 2015),Johnny Griffin,The Best of Johnny Griffin (feat. John Coltrane / Paul Chambers / Art Blakey) [All Tracks Remastered],To65rjqy7xc5syrp3gkdbexoyei
Don't Get Around Much Anymore (feat. Bob Russell & Duke Ellington),Miles Davis,Wild Man Blues,T4o6cooxmf46wws4fpwrafapyw4
Don't Get Around Much Anymore (feat. The Modern Jazz Quartet),Lou Donaldson,Complete 1952 Sessions,Truy3oqpjywx5rf5jbzkojqpsl4
Don't Get Around Much Anymore,Ben Webster,Dig Ben,T7iofd6jg3ctux5wnyd7sufir7q
Don't Get Around Much Anymore,Benny Golson,Horizon Ahead,T2edtmt4z7omnhm5inqqelxc5ne
Don't Get Around Much Anymore,Count Basie,At Carnegie Hall,Tpucpccsdsnfhvtnqs2nqe7eule
Don't Get Around Much Anymore,Dave Brubeck,All The Things We Are,Ttw3rcnxufuhihgxql3oqeyc2lq
Don't Get Around Much Anymore,David Serero,The Crooner Baritone: The Frank Sinatra Classics,Tnlpy5myhvzqxoaoymerva7bq5m
Don't Get Around Much Anymore,Dinah Washington,49 Great Blues Legends Songs Vol. 2,Ttpigazofdiho2h7gf773uj5ora
Don't Get Around Much Anymore,Duke Ellington,Ken Burns Jazz-Duke Ellington,Tzqiunfronjap3iebi5eil3xp6q
Don't Get Around Much Anymore,Earl Hines,The Duke Ellington Songbook,Tnufzchwytlysci2znvlrawthuy
Don't Get Around Much Anymore,Ella Fitzgerald,Ella Sings the Irving Berlin & Duke Ellington Songbook,Tzz7z5ef6nbr2jwu2ub3wx4vhqq
Don't Get Around Much Anymore,Erroll Garner,Small Wonders,Trpammk3mlnsnsm5h5jczgv7khu
Don't Get Around Much Anymore,Etta James,At Last Etta James and Ray Charles (Remastered),Tw63qbart4cxqx7w472k5l5sraq
Don't Get Around Much Anymore,John Pizzarelli,One Night with You,T6bvwllqmjh6bv5pznhs33jly7u
Don't Get Around Much Anymore,Louis Armstrong,Don't Get Around Much Anymore,Tmkclfkhortptoryice6ff22uku
Don't Get Around Much Anymore,Louis Armstrong,I Have A Taste In Jazz,T3aeahyv54uuwlwybx6uh26ueoq
Don't Get Around Much Anymore,Miles Davis,Miles,Tt2ut7jtgrdcjclw3rsziahtm7u
Don't Get Around Much Anymore,Milt Jackson,La Ronde Suite Vol 2,T2atr3rx4dwcjmspc4sgrfazcfi
Don't Get Around Much Anymore,Nat King Cole,Unforgettable - The Best of Nat King Cole: The Ultimate Collection. The Soothing Sounds of His Greatest Hits from the 40's & 50's,Tvvbnmvdjaszyegannky3pgckaa
Don't Get Around Much Anymore,Oscar Peterson,Jazz for a Lazy Day,Tz655qtad3fkcdmczyil5nwhivy
Don't Get Around Much Anymore,Red Norvo,Blues And Vanilla,T43muo3p7uyxgyf4jpv34rjggya
Don't Get Around Much Anymore,Sarah Vaughan,Live Guard Sessions,Tf4c67zhqcaii5bfgvfzldmmipy
Don't Get Around Much Anymore,Sonny Stitt,Plays Duke Ellington,Tk6na2jxz3pyg2jtlncu2a2t5v4
Don't Get Around Much Anymore,Stan Kenton,In Concert,Teogfnveu5gk376a57xijg24esq
Don't Get Around Much Anymore,Woody Herman,Better Now,Tgaour4wyzyjnqouv4m3rumpl24
Don't Worry About Me,Red Garland,All Alone,Toxtczwi6ggz7ebjmayvy2yhzk4
Don´t Get Around Much Anymore,Joe Pass,At His Best,Tmsjmivbmlklamcrryrkf2h6oai
Doodlin' (Remastered),Art Blakey & The Jazz Messengers,Tenderly (A Journey into Sentimental Mood),Tysviqoveyhsvv5i353j333msj4
Dream (When You're Feeling Blue),Frank Sinatra,All Or Nothing At All,Tdeocone6a55uqfbkt5zoue3way
Dream,Frank Sinatra,Music Round Midnight (A Musical Walk Through the Night),T4eoqckqlwsojglxtlzmnvwv53m
Driftin',Herbie Hancock,Cantaloupe Island,Thlcfb76hfbyxfp36g2dyznof7q
Drown in My Own Tears,Ray Charles,Tea for Two: 30 Love Songs from the Good Old Times,Tbszv2j7earja3fr4zdy7xsry7a
Duke Ellington's Sophisticated Lady Melange (Live),Joe Pass,Blues Dues,Twhk4cpuxluxnzu55cemtezbsea
Duke's Place (C Jam Blues),Ella Fitzgerald,And So... The Jazz Started / Seventy-Six,Te6bcbgyusv5ocooygolnb5prpq
Early Autumn,Woody Herman,Autumn Leaves Jazz Music,T4ybxgl4c5f6nmkrlfx4gygz5se
East Of The Sun - And West Of The Moon,Charlie Parker,Moonlight Serenade,Tei4ygjgrtobuvrdb3icru7nepi
East St. Louis Toodle-oo/Don’t Get Around Much Anymore,John Pizzarelli,Rockin' In Rhythm: A Tribute To Duke Ellington,T4weu6edktitnpmewtil6sc6tbq
Easy Living,Dinah Washington,Crazy Love (4 Stars),T3qzjhdaxrcbb6mquitq7bivmoq
Easy To Love (09-14-50),Lionel Hampton,Complete Jazz Series 1950,Tptytbdjq2ptrgpfogvoxiqolda
Easy To Love,Ben Webster,Nostalgic Memories-The Very Best of Ben Webster-Vol. 91,Tktrjeap4klhcamjn4ruze4nzfa
Easy To Love,Benny Goodman & His Orchestra,Jazz And Hot Dance In Thailand,Tp7d7p6i4yovvs5c7gncqg6gamy
Easy To Love,Bill Evans Trio,Time Remembered,Tgqmsjx4oxl2yd2jqds5cv7av2q
Easy To Love,Bill Evans,Time Remembered,Tb6spmv32nsptlwnk2wjswd3jde
Easy To Love,Billie Holiday,Billie's Blues,Tpzzqhqkk37ffmoryuzlaj7fzxi
Easy To Love,Duke Ellington,25th Anniversary Concert,Tckzxlj5eg6hxucrgrpgkivxauq
Easy To Love,Joe Pass,I Remember Charlie Parker,Thskyea3vtui6huwxx43ie4urgu
Easy to Love (1997 Remix / Remaster),Sarah Vaughan,After Hours,Tb5wy6cjtg4n5cvmsjgbgmb3d3e
Easy to Love (Bonus Track),Benny Goodman,Benny Rides Again! (Bonus Track Version),Tukwuvpyqevzu5fqjjtxkk5kfaa
Easy to Love (Remastered),John Coltrane,Giant Steps (Remastered),Tjikihdx3bakx4p5yzaavnswgwa
Easy to Love,Art Van Damme Ensemble,Art and Four Brothers,Tr6kj6mp4ov5w3csyqrwvmfzkna
Easy to Love,Billie Holiday,Billie's Blues,Tbyfpk62gm7kcwx57ydiz3i4tqe
Easy to Love,Chet Baker Quartet,Saga Jazz: Easy to Love (Modern Series),Treqswsq54zwaa5megtby7eiydq
Easy to Love,Chet Baker,Songs for Love,T3i4o7ahog5o6ppg5pyzb3bx5si
Easy to Love,Earl Hines,Earl Hines Plays Cole Porter,T3bovluz55ady6iyhiilhwdrmki
Easy to Love,Ella Fitzgerald,Ella Fitzgerald Sing Cole Porter - Vol. 1,Tfnnjru3mj75njkj353k76qzrjm
Easy to Love,Ella Fitzgerald,Ella Fitzgerald's Greatest,Ttauf3wrkxkktcp3oe6holmckbm
Easy to Love,Erroll Garner,This Is Jazz #13,Tb4q2n33jlt4rwfs563tctuhrla
Easy to Love,Lee Konitz,I Concentrate on You,Theb5qh7ezotscysqyfhmwlfpx4
Easy to Love,New York Swing,Cole Porter Collective,T5pbafyvtma6jfuzhosigjvvpli
Easy to Love,Phil Woods,The Thrill Is Gone,Twr2efjddqeesn2fabfjbqe4lfu
Easy to Love,Sarah Vaughan,100 Jazz Songs for a Summers Day,Tekuyiwtkpagbwuxhigjnrcmd2q
Easy to Love,Sonny Stitt,The Classic Albums Collection: 1957 - 1963,Trxezomhvu54cbh3ql3tzjucijq
Easy to Love,Steve Lacy|Don Cherry,Evidence (Remastered),Tmk4tcr45za2u56j2b4eff4ugcm
Easy to love,Charlie Parker,The Master Edition,T3j3oboz23sdbeaix6nkdvxijii
Eclypso,John Coltrane,On A Misty Night,Tkrjs4csov66ch36nqhyoelpu2e
Egyptian Caravan (feat. Rudi Mahall & Jerry Granelli),Lee Konitz,Haiku,Tzbahxnm6pgzczbz64s5msng2zm
Ellington Medley: Don't Get Around Much Anymore / I'm Just a Lucky so and So / Caravan / Sophisticated Lady (Billy Eckstine & Quincy Jones at Basin Street East),Billy Eckstine,Four Classic Albums Plus (Sarah Vaughan and Billy Eckstine Sing the Best of Irving Berlin / Billy Eckstine & Quincy Jones at Basin Street East / Basie-Eckstine Incorporated / Once More with Feeling) [Remastered],Tknyrkyiv5euvf4dwoemqfezgwu
Embraceable You,Miles Davis,Bye Bye Blackbird,Tcqqmpvwenegv23md5djmi5mhaq
Eta,Wynton Marsalis,Round 'Bout Midnight,T5phmrqzavus2qsjgzeuufka4ie
Every Body Loves Somebody,Dinah Washington,Divas del Soul Vol. 1,Te3hhnvgdmoyyshfy6efp7tyx5q
Every Time We Say Goodbye (11/12-52),Oscar Peterson,Complete Jazz Series 1952 Vol. 3,Td6t2vr2grit2btgwobquribcjq
Every Time We Say Goodbye,Billie Holiday,Classic Hits of Billie Holiday & Ella Fitzgerald,Turnaufnxcpgggogmnqr7uxfday
Every Time We Say Goodbye,Chet Baker,Early Chet: Chet Baker in Germany 1955-1959 (Lost Tapes),Tecuh5avxqs7nqdwjkjffqzbe7y
Every Time We Say Goodbye,Keith Jarrett,Last Dance,Tkri6cwvjsvgt4oufapzspvaqxy
Every Time We Say Goodbye,Oscar Peterson,Cole Porter Masterpieces,Tx3yyftgrwk4hmzaegcnwqpszpu
Every Time We Say Goodbye,Phil Woods,American Songbook I,Tmnuhvbo2k7bloamgjp3lp4fk7y
Every Time We Say Goodbye,Roy Hargrove Big Band,Emergence,T2lcwxmar3qtv7sw5xzpq5blxxu
Everybody Loves My Baby (Alternate Band) (feat. Clarence Williams' Blue Five),Louis Armstrong,Young Satchmo: Birth of a Jazz Genius,Tmss2kkrcvbvecthe4eqbjv2nyq
Everything Depends On You,Chet Baker,Jazz 'Round Midnight,Tr32ms3uowlgek2okjbytme4ysq
Everytime We Say Goodbye,Dinah Washington,The Very Best Of Dinah Washington,Tpim24el73ebdpb6tbrxkmlhtju
Everytime We Say Goodbye,Ella Fitzgerald,Blues Music - The Listening Library,Tuldmvoqq5g5l2zvkek2sgsgncm
Everytime We Say Goodbye,John Coltrane,America's Greatest Jazz Vol.3 with Charlie Parker and John Coltrane,Tawm7v5gufjlvyzusgjyxhklbja
Everytime We Say Goodbye,John Coltrane,Calm Jazz,Tli6x4doykwg2cyvwyeoki5u4pe
Everytime We Say Goodbye,Lee Konitz,I Concentrate on You,Tswlq4yjk727wiva6wsxi2bhdre
Everytime We Say Goodbye,Nina Simone,The Best Of - The Colpix Years,Tucldb5r2bw6guzisozodboo2ge
Everytime We Say Goodbye,Ray Charles,Baby Loves Call,Trxcew43rpquvr54mjth4mjwv4i
Everytime We Say Goodbye,Sarah Vaughan,Jazz Genius: Sarah Vaughan,Toi3dh3iifuenrnmevcinrvzw4q
Everytime we say goodbye,Stan Kenton,Stan Kenton - 93 Essential Hits [Remastered],Trwbsyrlrqyvubdegmypqd3hmsq
Exactemente Como Tu (Exactly Like You),Zoot Sims,Bossa Nova - The New Wave of Brazilian Music 1958-1962,Tqj5on6giubaittcvy3r4tgmqtm
Falling In Love With You,Clifford Brown,Easy Living Vol.1,Tobdtt7vcuuzhotjxqavv32kmg4
Fats Elegy,Jason Moran,ALL RISE: A Joyful Elegy For Fats Waller,Tqjph7sd5ozpaqjjztp5ouuq33m
Field Day,Dexter Gordon,June Night Jazz Night,Twvovad7g2ldpymsvozr4a2djra
Five,Bill Evans,Bill Evans: The Ultimate Best of Bill's Collection,Tbeiodyckwtt3eqq2a5gzzb3hlm
Florence Sur Les Champs-Elysees (Lift to the Scaffold),Miles Davis,French New Wave (Jazz on Film Recordings 1957-62),Twt2piniik3kje3fgagdkmdwgye
Fly Me To The Moon (Live At The Sands Hotel And Casino/1966),Frank Sinatra,Sinatra At The Sands,Tyojtozfxfenetf7g5tw4qzfozu
Fly Me To The Moon (Remastered) (feat. Count Basie And His Orchestra),Frank Sinatra,Ultimate Sinatra: The Centennial Collection,Tdrfx5vy4zow4el6rv53yx55s7i
Fly Me To The Moon,Frank Sinatra,Mid Night Club Vol. 1,Tiuektkkvcqhzhwz2cs72gj56qe
Fly Me To The Moon,Louis Armstrong,St. Louis Blues,Tg6tq27cten5buaijhwwib5ae2a
Fly Me To The Moon,Wes Montgomery,Road Song,T4pb3lbre5f3nlxbkuqj43ttir4
Fly Me To The Moon,Woody Herman Orchestra,Los Grandes del Swing,Tsjjaskwqydafrtbu5y2vjz2g6m
Fly Me to the Moon (In Other Words),Sarah Vaughan,Nostalgic Classics,Tqtl5wikqvpzh54t3tuvort5jd4
Fly Me to the Moon (Remastered),Duke Ellington Orchestra,Duke Ellington: The Reprise Studio Recordings,Tosn2ifckhhslapynkghhuvglhm
Fly Me to the Moon,Count Basie,50 Chansons de Noël,Tquk3k22pdskqedhdn6rzgqhqea
Fly Me to the Moon,Dinah Washington,Fly Me to Me Moon,Tj6fu57563a4zhvzd2nmfpbofhm
Fly Me to the Moon,King Of Swing Orchestra,Memories of You (Benny Goodman Gala) [feat. Peter Fleischhauer],Tbhoktk3ujjjuespjorh4rpcl5y
Fly Me to the Moon,Nat King Cole,Nat & Frank,Tqaharya6khnarjwnxslbevl7la
Fly Me to the Moon,Oscar Peterson,Oscar Peterson - Jazz Exquisit - 12 Essential,Tkqm5qfyxujamyqfi47ne5dg22i
Fly Me to the Moon,Sarah Vaughan,Fly Me to the Moon,Tqufm7shxfycynbz3hl24pbqgnq
Flying Home,Ella Fitzgerald,Heart Wave,Thodpgynrl3hfpehxvh375ujmki
Flying Home,Lionel Hampton,Moonlight Serenade (20 Great Big Band Hits),T7phfesirtvz2gagc57gfjs2xsu
Flying The Coop,Zoot Sims,My Sugar Plum,Tydq7p6y2yczfq4b5vjn336qbku
Foggy Day,Earl Hines,Earl Hines' Snuggly But Ugly,Tsrnl2a5ho2ijktwq4mrjln4zqa
Foggy Day,Lee Konitz,50 Songs,Tvgvliwayltq7xzq5l4vqhk2zye
Foggy Day,Phil Woods,American Songbook I,Tl4a5hde47vgpb3ohjephvg5oum
Foggy Day,Wynton Marsalis,Marsalis Standard Time - Volume I,Tbg6jxanswrxmhrw6222akulwqi
For All We Know,Don Cherry,Let It Be Me,Tesfvqxzc6uapg4wg2ogei6ej6i
For All We Know,Nina Simone,Central Park Blues,Tbytdl2achs4sdltysysgwv7k24
For All We Know,Nina Simone,My Baby Just Cares for Me,Tmr74dvekwsqitjc2otnmvw4p3u
Four brothers,Woody Herman,Moonlight Serenade. The Swinging Big Bands from the 50's.,Tquzee4ywdy34tfrod6ojsi3fem
Funky Blues,Oscar Peterson,All That Jazz (The Complete Jazz Collection - 245 Jazz Standards),Tqmkbtobsqgdnc5nfhz45kemg7e
Funny Blues (Alternate Take),Art Pepper,"Art Pepper Presents ""West Coast Sessions!"" Volume 4: Bill Watrous",Tnboccb3u3tttcgetqfulml563e
Generique (Lift to the Scaffold),Miles Davis,French New Wave (Jazz on Film Recordings 1957-62),Tz3bvajtefjhombo6uphglc7yly
Georgia On My Mind,Louis Armstrong,Moonlight Serenade,Tgqiuttxo42kb3wpmisehs6nkau
Girl From Ipanema,Dizzy Gillespie,Salt Peanuts,Tru5ban2txbe76lfayc6exn6asm
Girl From Ipanema,Ran Blake,Unmarked Van (a Tribute To Sarah Vaughan),Tyfbftz2dqawnpukkrzisj5rvbe
Girl from Ipanema,Benny Golson Tenor Summit,Tenor Legacy,Trfr4xbxvv5r7veslkvj76ztq2y
Give It All Your Heart,Herbie Hancock,Lite Me Up,Tjmhsdwi2vrxhzarxdfrvuwkwoq
Gladys (Remastered),Stan Getz & Lionel Hampton,Desafinado and More (Jazz Club Collection),T3rgsjlkemyp4gydsnxm4bdqsni
Gloomy Sunday,Billie Holiday,BD Music Presents Bye Bye Blackbird,Tn5rdak3pcs4dqjxw6bajzm47fy
God Bless The Child,Billie Holiday,Desafinado,Tza7yjxxxtki72htrdtqd5rmqqe
Godchild (Take 5) [feat. Charles Mingus & Tal Farlow],Red Norvo,The Early Red Norvo Trio (Bonus Track Version),T4vycta5nmnn2lwiloe3dwudj3u
Godchild (Take 5),Red Norvo Trio,Tea for Two (feat. Charles Mingus),Tqxrjbh5fb6epcovdqsxjjgpddu
Gone Fishin',Louis Armstrong,Songs for My Father,Tyfxe7s7jyvqfjozprdba7cmf3i
Gone With The Draft,Nat King Cole,West Coast Blues Ramblers,Twe5sh4nf6d67pttonabufc6yzu
Good Woman Blues,Duke Ellington,West Coast Swing,Trh3bcbbzabozhdluszbcxwbi2u
Goodbye,Benny Goodman And His Orchestra,Ken Burns Jazz - Benny Goodman,Tezxtp2lh6vtnd66lilrri464sm
Goodbye,J.J. Johnson,The Trombone Master,T64cmqz5dpdsylhwy5k7bplsgk4
Goodbye,Wynton Marsalis,Marsalis Standard Time - Volume I,Thoned42mv3wrhvjkrm54ylgwaa
Granada,Brad Mehldau,Day Is Done,Tsdvelhnuzjhmseu4ygi7luzvoi
Greatest Hits Medley: Dear Old Stockholm / Would'n You / Yesterdays / Chance It / Donna / How Deep Is The Ocean,Miles Davis,Greatest Hits Medley,Tzwv3v3rmpqy6g74zji6qofjfg4
HONEYSUCKLE ROSE,Sonny Davis,Two Artists For One Price - Miles Davis & Sonny Davis,T26h5oaxahmftjt3p7fuezkdxrm
Handful Of Keys,Jason Moran,ALL RISE: A Joyful Elegy For Fats Waller,Tkqxm56w4carvcezdwzrmtmabnq
Happy Talk,Ella Fitzgerald,Take Five,Tbd2xwoi5m3ynmoljpzbrl6hfyq
He Needs Me,Nina Simone,Body & Soul (Ladies of Music),T4xmvby3yieymcxav5v6boh4yai
Hear Me Talkin' to Ya,Horace Silver,101 All Time Popular Jazz Classics,Tdghbuy3wqd6noiluv3vs3awuaq
Heat Wave,Art Farmer,Brass Shout/Aztec Suite,T7hoc2kf3pqrjl7p5kup2wzxbaa
Heat Wave,Art Tatum,Solo Masterpieces,Tcckib2lusyqnmhmbxbqwvp3zoq
Herbie's Blues,Herbie Hancock,Late Night Jazz At The Tiger Lounge - 75 All Time Greats,T2lwkve6dbsq2tlllubhaiojq5y
Here's Love in Your Eyes,Benny Goodman,Lovesongs of all the times:I've Got You Under My Skin,Tz3dkarhsoy6sht5jq7aot42qeu
Hesitating Blues,Louis Armstrong,Its All in the Game,Tu4kn24fmdnydcrlqm2bu3ci2dq
Hey Now,Ray Charles,"""Sugar and Spice"" & Other Hits of the 60's",Tehs265id6wfdyhiwfnuttlhp2q
Honey Suckle Rose,Nat Cole Trio,Trio Days,Tegijpjidgbnshit6pqvu2f47k4
Honeysuckle Rose (01-09-50),Dizzy Gillespie,Complete Jazz Series 1949 - 1950,Tjide3hhnoacmqhbpwabeywn564
Honeysuckle Rose (1990 Remaster),Sarah Vaughan,The Roulette Years,To6bn3w6zogzh2mgy5hcg4pfn4q
Honeysuckle Rose (Live),Benny Goodman,Live At Carnegie Hall-1938 Complete,Tywklmjv3npdxhqkgsah2ugrp4e
Honeysuckle Rose (Live),Joe Pass,Blues Dues,Tlas3rrnqmk6xz2ihj2rb2dur5e
Honeysuckle Rose (Live),Zoot Sims,Zoot Suite (Live),Tt32g2222fs2ydgbmsnxebzzgua
Honeysuckle Rose (Remastered),Thelonious Monk,Sophisticated Lady (Remastered),Tuqskevokis24ys62kpcg4livlq
Honeysuckle Rose,Andre Previn,Back To Back: Dave Brubeck & Andre Previn,Thn5xdymf7tgzogm2sy7dwvpkiy
Honeysuckle Rose,Art Tatum,Moonglow,T2rldp5sfgzfs6ombrfcviqk4be
Honeysuckle Rose,Ben Webster,A Salute To Ben Webster 1936-1945,Thhaniiilskgfaojzduu3hhouvq
Honeysuckle Rose,Ben Webster,Ben Webster Quartet's Honeysuckle Rose,Tinazrhtldqtk7jhxqwk2ooko6u
