Let's Spend The Night Together,The Rolling Stones,Hot Rocks 1964-1971,Tg6muljufrmfz3tougwtrfxkflu
Start Me Up,The Rolling Stones,Tattoo You,Tgyekwg6b4dqwk3xcizsmzwycxi
(I Can't Get No) Satisfaction (Mono Version),The Rolling Stones,Hot Rocks 1964-1971,Tqtuu7wapj7eh7q5norw5ol7tge
Under My Thumb,The Rolling Stones,Hot Rocks 1964-1971,Tzfeez45cbbtnwp5itrz6vlweoe
Chão de Giz,Zé Ramalho,Mega Hits - Zé Ramalho,Tudq7odnmzb6tzndlttagqgwym4
Winterlong,Pixies,Complete B Sides,Tho7jgxjdy2q7dvy2snjioh7cxa
You'll Never Find Another Love Like Mine,Lou Rawls,Lou Rawls - The Very Best Of,Tanzg2tdrjbc6hxoga5tfs4wkmi
Rebana Ba Leshotho,Aura Msimang,Itshe,Trjfui2rwe2qdfkqj245ypbgzmy
Kodachrome,Paul Simon,The Essential Paul Simon,Typmz3ad7eh43socxjrtihewmfu
Lovefool,The Cardigans,First Band On The Moon,Toltul7xpt47zkcoiralytqlcuy
Barracão,Nilze Carvalho,O que é Meu,Tiizjbzmtapfdxud6feweem6zhy
Noites Cariocas (Version 3),Jacob Do Bandolim,The Best Of,Tan4bh3l235wy2ztsge53v5geda
Assim Caminha a Humanidade (Extended 70'S Mix),Lulu Santos,"Eu e Memê, Memê e Eu",Tdzmnr7zhhm6apvtsiyzxpwfbja
Song For My Father,Horace Silver,Song For My Father,Tngfd5swvvurx77kr5tqpj7amiu
Esse brilho em teu olhar,Lulu Santos,O Ritmo do Momento,Tu4xpmek7pqc35rjykztg7gjkma
Seven Nation Army (Remasterisée),Ben L'Oncle Soul,Ben L'Oncle Soul,T3jakzuh22jgzgrc4usjjgyu47u
Chão de Giz,Zé Ramalho,Antologia Acústica,Tcihg6i4pwcc6uxoerxawz26pqu
Lovefool,The Cardigans,Enron: The Smartest Guys In The Room,T4imrzfklofuyjmss7jxmsmi4fm
Eye in the Sky (Remastered),The Alan Parsons Project,Ultimate The Alan Parsons Project,Tb25cnqxkucsmqti4753uzxr6ma
Me & Mr Jones,Amy Winehouse,Back To Black,Tqwpdydeqh3dzbpgc3r7zlnsizu
So Lonely (Remastered 2003),The Police,Outlandos D'Amour (Remastered),T2djtuushcj4ydq4erzrt46fznu
Roxanne (Remastered 2003),The Police,Outlandos D'Amour (Remastered),T324pmf5jf72lhwjwylxbwboyf4
Damaged Goods,Gang Of Four,Entertainment!,Tel7cv46dmigcigbuv3yxtt6one
I Found That Essence Rare,Gang Of Four,Entertainment!,Tvtmbotoqmo4zqkys5qjchuqhva
Call Me,Blondie,The Best Of Blondie,Tssuwymhaghiwjxgq37r67lymlm
You Know I'm No Good,Amy Winehouse,Back To Black,Twk44nxqv4a57e57ruzhk6bfctu
You'll Never Find Another Love Like Mine,Lou Rawls,All Things In Time,T4q3l6rawvlwcxxtqbu2zu3w5vq
Tell Me 'Bout It,Joss Stone,Introducing Joss Stone,Taxmbd4jfgksqugq7tb2e6lfqti
Take Care Of Business,Nina Simone,I Put A Spell On You,Tckw6pl6lmfmaxf6wtasbgpwvw4
All About That Bass,Meghan Trainor,All About That Bass,T3s4wi7m3eakrpzc2cakbojnea4
See You When I Git There,Lou Rawls,The Essential Lou Rawls,Tvcc4v44lbmka2ljdcarcqvwc2i
I Can't Wait Until I See My Baby's Face (Remastered),Aretha Franklin,Runnin' Out Of Fools,Tdcqkudkl75put4j7kpg42boioe
Let's Stay Together,Al Green,Let's Stay Together,Tqoqj75a6pg6cfp7bmtwiostl2q
Tired of Being Alone,Al Green,Gets Next To You,Tggp4u3id752hixskqjarsgscuq
Spooky,Dusty Springfield,Dusty... Definitely (Remastered with bonus tracks),T6mrsluhm4npgrfcpq6vdkuzo5y
Son Of A Preacher Man,Dusty Springfield,The Silver Collection,Tv5x4dux2gkslxai5agysxqbyeq
Soulman (New English Version),Ben L'Oncle Soul,Ben L'Oncle Soul,Tmxkmhi7js77doyhzx3v5egsony
Caramel,Suzanne Vega,RetroSpective: The Best Of Suzanne Vega,Tf63wx5u5ktupioslgsfinp5y7i
I'll Be Around,The Spinners,The Very Best Of,Tlopel6tjp4kfsy4gy3etmagmla
If You Want Me to Stay,Sly & The Family Stone,Fresh,Tjdnsjda5p2ahhbdgownqocxrke
Saturday (Feat. Monie Love),Cunnie Williams,Star Hotel,Tw54di7dc2kftcc3q7aewwdmoxy
Let's Get It On,Marvin Gaye,Let's Get It On (Deluxe Edition),Tt36n2g7ycdcgd3hikz4ht4c3aa
What's Going On,Marvin Gaye,What's Going On (40th Anniversary),Tn3js66ju2stp62qjbzffpxzwxy
Mercy Mercy Me (The Ecology),Marvin Gaye,What's Going On (40th Anniversary),Tkzlmixuyumx6i6mlbaqlxezola
I Want You,Marvin Gaye,I Want You,Tfa6sf5zailuxxzf6dojgg775nq
See You When I Git There,Lou Rawls,Lou Rawls - The Very Best Of,Tdwp6m5xknwddoyy3x63xx4tar4
(Sittin' On) The Dock of the Bay [Mono],Otis Redding,The Dock Of The Bay (Mono),Tahirxzkxenyhgymqlbbsgxz3ri
At Last,Etta James,At Last!,Th7sszw2p4rsbwviwxa4ut7quji
Ain't That Love,Ray Charles,The Genius Of Ray Charles Vol 1,Tluuttozm4keag6vtbqpfghqwse
A Bit of Soul (Blues Hangover) [2005 Remaster],Ray Charles,The Genius!,T5xqghfav45dcbdvtu532ajnjxe
Carrying That Load (2005 Remaster),Ray Charles,The Genius!,Twlpgblvfzvj6bhs5hgodprejw4
I Got a Break Baby (Remastered),Ray Charles,The Genius Sings the Blues (Remastered),Tc4f7zod7tbaectjmiohlfhdp74
Mary Ann,Ray Charles,"Ray Charles: The Atlantic Genius, Vol. 1",Tyl5bg35svv2jadz6rehyc3dt3q
Roll with My Baby,Ray Charles,The Genius,Tyb5hugboimarnhx3u7wtmujlxq
Swanee River Rock (Talkin' 'Bout That River),Ray Charles,The Genius,T4lpibllinkopxn7eus67jjf3ai
Talkin' About You,Ray Charles,Yes Indeed! / Ray Charles at Newport / What'd I Say / The Genius of Ray Charles,Tzejdg2p7gg2jvnwnjydfnydbr4
Tell All the World About You,Ray Charles,"The Atlantic Genius, Vol. 2",Tfwqnwdpomhiiwtgrwcgngjn554
Tell Me How Do You Feel,Ray Charles,The Genius Anthology,T3znybcj22blq2o7r422fiencfa
This Little Girl of Mine,Ray Charles,The Genius,Ts727yrs7ed4imnha3gwlvcbxru
"What'd I Say, Pt. 1 & 2 (2005 Mono Remaster)",Ray Charles,The Genius!,Th5qrkqyvsu4vrsabruo2xrsk6e
Yes Indeed,Ray Charles,The Genius,Thki7ok7o6b7fj5yrsc2oqt7szu
(You're The) Devil in Disguise,Elvis Presley,Elv1s: 30 #1 Hits,Ti5n2edp3hgp4ko5ngajyenn55a
C'mon Everybody,Elvis Presley,C'mon Everybody,Thbmswrbolbmrkj2m2bi3prmdr4
Fools Fall In Love,Elvis Presley,I Got Lucky,Tnyu3raipuzfajwsbjnbchwcyxm
Cry to Me,Solomon Burke,Solomon Burke's Greatest Hits,Twotwsrysv5tqcnkr4mtt4blusi
Why Do Fools Fall in Love,Frankie Lymon & The Teenagers,25 Greatest Hits,T2ix3hgkfodnsmezl33gtsr4pwq
It's A Shame,The Spinners,Motown Made To Measure,Tmjis45w4hxe5znfqnrquucbgje
Don't You Know,Ray Charles,The Best Of Ray Charles: The Atlantic Years,Tb3qdc4vym5bmn52vt6c3cq4dnu
I Shot The Sheriff,Eric Clapton,461 Ocean Blvd. (Deluxe Edition),Tw6dqry4cbmzjti73uhv4m7atfe
Waiting In Vain,Bob Marley & The Wailers,Exodus,Tiemwvxpwzymib2vfjy6eeaoub4
D'yer Mak'er (2007 Remaster),Led Zeppelin,Mothership (Remastered),T2j3cn2ggy33k2hd5cija2mvqtu
Houses of the Holy (1990 Remaster),Led Zeppelin,Physical Graffiti,Tikmldonsrkoi5bu7cuywir4mkm
(You Gotta Walk) Don't Look Back [2002 Remaster],Peter Tosh,Bush Doctor,Tixvdtvt7ntohhfr3l2ixppngyi
Reggae Night,Jimmy Cliff,The Power And The Glory,Tn4ylgtwcvs7o6orxbrrwl7c4z4
We All Are One,Jimmy Cliff,We All Are One: The Best Of Jimmy Cliff,Tiyheew6w7zw2eq2z3llpnqud3a
Revolution Rock,The Clash,London Calling,Tjx5nvq73qofnl2wy2gnortgudi
Police & Thieves,Junior Murvin,Police & Thieves (Expanded Edition),Toptxk56tr7rbckrkugjamawpca
Could You Be Loved,Bob Marley & The Wailers,Uprising,Tpvulvpmzmbi3aaxdpuzm66qzcm
You're Wondering Now (Kid Jensen Session),The Specials,More Specials (Deluxe Version),Tbqae6xe64qmn264r3iewayu3ii
Is This Love,Bob Marley & The Wailers,Kaya (Deluxe Edition),Tfzpau6cleibrzl7vb6yixlhwe4
Bring Me Some Water,Melissa Etheridge,Melissa Etheridge,Tqpiph3ilhvsboaaihq65cuybrq
Dixieland Delight (Single Edit),Alabama,The Essential Alabama,Tjdycbhjn6iem35x3qipbx3f6oa
You Made It Right,The Ozark Mountain Daredevils,It'll Shine When It Shines,Tarxagznbyzcfrbr4efuvlptkra
Honky Tonk Moon,Randy Travis,On The Other Hand - All The Number Ones,Ttvkmlda3pefmojtquhlmihpcea
King Of The Road (Re-Recorded In Stereo),Roger Miller,Best Of Roger Miller,Twr6mfj3w3icyma2rngo2skcbhe
Have You Ever Seen The Rain,Creedence Clearwater Revival,Pendulum (40th Anniversary Edition),Tlc6t4c65zrj6edt7aruitabvva
Long Black Veil,Johnny Cash,Unearthed,Trg6ktsgkxwnz3vdw7hx3cuepqa
Man! I Feel Like A Woman!,Shania Twain,Come On Over,Trs2wp6wgt3l4l63u4qzp2ik72q
9 to 5,Dolly Parton,9 To 5 And Odd Jobs,Tbok5h2qfuylcfp2d2fn4a5ngbi
Country Boy,Alan Jackson,Good Time,Tggk4vsusnk7wy7xyyuzi7s2qmq
Long Black Veil,Johnny Rivers,That´s Rock and Roll,Teg3mnbiors3bvbriewolsucf44
It's a Heartache,Bonnie Tyler,Wings,Tf4f6tvmwpbxhmcskphkh5qjhdm
Breaking All The Rules,Peter Frampton,Breaking All The Rules,Tc36aaavkgecyngtrkw4goqpasm
Don't Stop Believin',Journey,The Essential Journey,Tgmu7frgday3jwrkj5hl7h5dkdi
Love Will Find A Way,Yes,Big Generator,Txdhjon6cdm57n6pbqqvmtmf5wq
Only Time Will Tell,Asia,The Definitive Collection,Tjvijzd2cbojjheerglj4re5hhq
Iron Eagle (Never Say Die),King Kobra,Thrill Of A Lifetime,Tsysprhfsz5uwrnylhpsjqqcf2i
Burning Heart,Survivor,Rocky IV,Tulfvongvqtw6kwhajbub3q5sti
Separate Ways (Worlds Apart),Journey,Frontiers (Deluxe),Tdvgmqi6drq4ygdyx27bg6x67aa
It's Raining Men,The Weather Girls,Success,Tnwahmitfluqu24zlq7bil6yxca
Eye of the Tiger,Survivor,Rocky IV,Tglv3qe5zmpfujmhhmn6upuugna
Pain Lies On The Riverside,Live,Mental Jewelry,Tpxh64h7tqqxuj3yurtfd2grsoe
Love Ain't No Stranger,Whitesnake,Slide It In,Tlel6bp3m7zh2zqfxbg4kca6qbq
(I Can't Get No) Satisfaction (Mono Version),The Rolling Stones,Out Of Our Heads,Tbdqayw4owahkbebc4shcnt7peu
Under My Thumb,The Rolling Stones,Aftermath (Remastered),Togihrjr6fu5725pc4z7mjssovi
Let's Spend The Night Together,The Rolling Stones,Between The Buttons (Remastered),Tmm3wbvbufxhgyahefykvfv4hja
Sympathy For The Devil,The Rolling Stones,Beggars Banquet,T6skkbvlhhlrxcsk6p5otkauqmm
Honky Tonk Women (Mono Version),The Rolling Stones,"Through The Past, Darkly (Big Hits Vol. 2)",T7xsd57sbd62z46qnqhe4xuvhxi
Gimme Shelter,The Rolling Stones,Let It Bleed,T4we6576rcqgaysm7xvobgvwcim
Brown Sugar,The Rolling Stones,Sticky Fingers,Tcfnz4omdrv7lnzr4go3go4zrku
"Paint It, Black",The Rolling Stones,Singles Collection (The London Years),Tvqry472q47q2uzz2gn2dovlwey
Susie Q,The Rolling Stones,12 X 5,Tviw2zltlqnbv62jjjqcbpmqx5y
Route 66,The Rolling Stones,The Rolling Stones (UK),T6aheueohg42cyh6yjpov2r3y6y
Rocks Off,The Rolling Stones,Exile On Main St.,Tromlxprmtyrpbr7qlscntsnpt4
It's Only Rock'n'Roll (But I Like It) (Remastered 2009),The Rolling Stones,It's Only Rock 'N' Roll (2009 Re-Mastered),T6kxcfwszvy77sdzzrkl3wtv4fy
Anybody Seen My Baby? (Remastered),The Rolling Stones,Bridges To Babylon (2009 Re-Mastered),Tskns554hqxajgypi7ae3zlo3iy
Around And Around,The Rolling Stones,12 X 5,Tyrngm3sdyoew6lkgix7ncdhhwq
Can't You Hear Me Knocking (Remastered),The Rolling Stones,Sticky Fingers,Tqq7tclandgy42hahnpjy6ryysa
All Along the Watchtower,The Jimi Hendrix Experience,Electric Ladyland,Tixcfaeouvevc5q4ve6o2m5tziy
Little Wing,The Jimi Hendrix Experience,Axis: Bold As Love,Tnwo72r22msxskoz2qe22flykey
Purple Haze,The Jimi Hendrix Experience,Are You Experienced,Ti3qalb77m5fmt7uycrksrkqrri
Hey Joe,The Jimi Hendrix Experience,Are You Experienced,Tybvzucha7ffgm6uzq75kyscqde
The Wind Cries Mary,The Jimi Hendrix Experience,Are You Experienced,Tla7qcm7vnn2wwcyb6k7qpmg7zi
Crosstown Traffic,The Jimi Hendrix Experience,Electric Ladyland,Tvbxu7gujdbyyywuaivjocqveom
Love Or Confusion,The Jimi Hendrix Experience,Are You Experienced,Tpzczrbhpthfskvdur7fslc5fhe
May This Be Love,The Jimi Hendrix Experience,Are You Experienced,Tcz5n5txeilqaudcyjrxj7ltqau
Fire,The Jimi Hendrix Experience,Are You Experienced,Tq7c3yubf7kpd6uggz2stth5xce
Third Stone From The Sun,The Jimi Hendrix Experience,Are You Experienced,Td3meyrhqghy6ozyvupx7hbz5ea
Dreamer In My Dreams,Wilco,Being There,T4cdkd2k3brgli5k4meyuvcn4eu
Little Green Bag,George Baker Selection,Golden Years Of Dutch Pop Music,Tsp3qsdxni6eprvufehn2jbbtki
In The City,The Jam,In The City,Tzxqe3wjq3hdsqjlwo4qu6it3ni
Psycho Killer (2005 Remastered Version ),Talking Heads,Talking Heads 77 (Deluxe Version),Ts7akzewwzgr4gljolfj2dr4epu
Love For Sale (2005 Remastered Version),Talking Heads,True Stories,Trhnkk6vzlnupqp5qagpz7zeclm
Wild Wild Life (2005 Remastered Version),Talking Heads,True Stories,Tfgxw66dh4tokjcpjpvdyg2rwbu
Love Shack,The B-52's,Cosmic Thing,Thbunpq6xvz2ev5krgfufiezymu
Rock Lobster,The B-52's,The B-52's,Tfxc5ps37mboaauwp2cafhsuvy4
It's The End Of The World As We Know It (And I Feel Fine),R.E.M.,Document,T3dqq73gdjeq6zgbwijv4jugy2q
Shiny Happy People,R.E.M.,Out Of Time (25th Anniversary Edition),Tlhmvytrecklflbguwljhzcjbve
Where Is My Mind?,Pixies,Surfer Rosa,Tko577kg77rigj4t5uzb5jvwqgy
Here Comes Your Man,Pixies,Doolittle,Terd2bobvsbrx3ebqwoozrm5rmu
Just Like Honey,The Jesus And Mary Chain,Psychocandy (Expanded Version),Taozw2jlagwicj3icdeytkjob7a
Here's Where The Story Ends,The Sundays,"Reading, Writing & Arithmetic",Tmgkxezjgwninp7qc7j7ya4ehcm
Breathless,X,The X Collection: 1980-1987,Ty57l6oat2p4zeilclfsmxj5qxm
One Way Or Another (Remastered),Blondie,Parallel Lines: Deluxe Collector's Edition,Tz7kk7vpdfa7ntubs62vcakvwr4
Beds Are Burning (Remastered),Midnight Oil,Diesel And Dust,Tdmcl5tkpkimt6xkmixqc57itzm
Everything Now,Arcade Fire,Everything Now,Tgin56rbtqsp3jzri62v5duxwam
Come On Eileen,Dexys Midnight Runners,Too Rye Ay (Deluxe Edition),T4q7hjeq2obc6bffl36nsa5yjvi
The Adultress (2006 Remaster),Pretenders,Pretenders II (Expanded & Remastered),Tcukfislcky37xpv7crsnnlkcly
Every Breath You Take (Remastered 2003),The Police,Synchronicity (Remastered),Tbatvbpmlvid6iiq4cpczsokoii
Town Called Malice,The Jam,The Gift (Deluxe Edition),Tl5zfvcdf5i4nrr5qvtnmowz2h4
Making Plans For Nigel (2001 Remastered Version),XTC,Playlist: New Wave,T2jy2coga4i2vdli4ve2dhza2le
Eye in the Sky (Remastered),The Alan Parsons Project,Platinum & Gold Collection,T3am662s32nsllnejoxxvpgtlum
White Room,Cream,Wheels Of Fire,Tp54socu4ci2rpjy5kdcqg72bl4
I Shot The Sheriff (Live Version),Eric Clapton,461 Ocean Blvd. (Deluxe Edition),Tgvuhsdehqyaxy7jebusgdr7udy
Cocaine,Eric Clapton,Slowhand 35th Anniversary,Tlqp4pj2gm5lmfkilbls6gf5lby
I Can't Stand It,Eric Clapton,Complete Clapton,Thqy5bjutsi34ws6hl6czwfhbye
"Bad Love (Live at Royal Albert Hall, London, England, UK, 1990 - 1991)",Eric Clapton,"24 Nights/Recorded Live At The Royal Albert Hall, London. 1990-1991",Tc6rcsimzux2jex2ibc2iirlcs4
Sultans Of Swing,Dire Straits,Sultans Of Swing - The Very Best Of Dire Straits,Tjhnff3sm4n52rz2gguwahi5bzq
So Far Away (Full Version),Dire Straits,The Best Of Dire Straits & Mark Knopfler - Private Investigations,Tabymo2ndvvo4qbmawnqlyu6oci
Money For Nothing,Dire Straits,The Best Of Dire Straits & Mark Knopfler - Private Investigations,Trjwxu2brencpzqbxadbm4rtppe
Come On (Let the Good Times Roll),The Jimi Hendrix Experience,Electric Ladyland,T7ndz7w4cwq44s2oq3vy2c6df3q
Jailbreak,AC/DC,'74 Jailbreak,Tcsukk2yappv2kog4l3he5v2hsu
Highway to Hell,AC/DC,Highway to Hell,Teio62jkh5aule3g3xrjejd7gcm
You Shook Me All Night Long,AC/DC,Back In Black,T7igbxibdhryouwllixcflljg6e
High Voltage,AC/DC,High Voltage,Tt6djdxc6dz36uda5xbeger7w6q
There's Gonna Be Some Rockin',AC/DC,Dirty Deeds Done Dirt Cheap,Tmxptmenpgivmkykgvklez4jo3i
Rock 'N' Roll Damnation,AC/DC,Powerage,T5k3nxkcpkh5wswupuzl5usdlwu
Handle With Care,The Traveling Wilburys,"The Traveling Wilburys, Vol. 1",Tayeltxx3odg4ychhsj7g6vrdee
End Of The Line,The Traveling Wilburys,"The Traveling Wilburys, Vol. 1",Tcto5gwhrz36wi7ga6ect6yonsq
Sweet Child O' Mine,Guns N' Roses,Greatest Hits,Tzojgseq6coeecvbbhl5wdpedli
"Knockin' on Heaven's Door (Live at the Ritz, New York)",Guns N' Roses,"Greatest Hits Live on Air 1989-'91, Vol. 1",Tl2nlzmyxgemkibqbouawkap56u
You Could Be Mine,Guns N' Roses,Greatest Hits,Tb46id67nf5sogkkii4cabd3ixy
Radio Free Europe,R.E.M.,Part Lies Part Heart Part Truth Part Garbage 1982-2011,Tqsu7mqeawjnje6crnz2e2mo6jm
Talk About The Passion,R.E.M.,Part Lies Part Heart Part Truth Part Garbage 1982-2011,Tzj555jj3nizthpjrkknona5tuy
So. Central Rain,R.E.M.,Part Lies Part Heart Part Truth Part Garbage 1982-2011,Txflwwkg65idz55wy2obkbbstsi
(Don't Go Back To) Rockville,R.E.M.,Part Lies Part Heart Part Truth Part Garbage 1982-2011,Taizu5ub5tpj7coucf4js67kq4i
It's The End Of The World As We Know It (And I Feel Fine),R.E.M.,Part Lies Part Heart Part Truth Part Garbage 1982-2011,Tsrqbo3fyoux5vveixxl2sb6fga
Pop Song 89,R.E.M.,Part Lies Part Heart Part Truth Part Garbage 1982-2011,Tu6vntbe3xxq65oajfr2mlajiia
Shiny Happy People,R.E.M.,Part Lies Part Heart Part Truth Part Garbage 1982-2011,Ttxjstofyalchenivddrvl7x6re
Beds Are Burning (Remastered),Midnight Oil,20000 Watt RSL - The Midnight Oil Collection,Txog3qbyebpie3xf4pazl32spzq
Truganini (Remastered),Midnight Oil,20000 Watt RSL - The Midnight Oil Collection,Tnq3vtdcruuob2wmavqmw4vtijm
Forgotten Years (Remastered),Midnight Oil,20000 Watt RSL - The Midnight Oil Collection,Trqa3ogbwthmpheuqg4lrfmpi4u
My Country,Midnight Oil,Earth And Sun And Moon,Thsfzzqsfzfuh4a2bxcbn2xhjli
Outbreak Of Love,Midnight Oil,Earth And Sun And Moon,T7rh2dse5cgviji6rd4tvqkknpm
King Of The Road,Roger Miller,The Best Of Roger Miller Volume Two: King Of The Road,T2wwtgpa2kouopqumpgy6b6o6qi
One Piece at a Time,Johnny Cash,The Essential Johnny Cash (Remastered),Thtvgyd7xoezgyklna3dbwjztdm
In My Life,Johnny Cash,American IV: The Man Comes Around,Tilo2ryakgofm5aimqu2zrsurpe
Johnny B. Goode,Chuck Berry,Berry Is On Top,Tqr5iiw6deegq2g35onyz4fmqqi
You Never Can Tell (1986 Stereo Remix),Chuck Berry,Rock 'N' Roll Rarities,Tsmluf6rakbc5uieigp2hfecr7y
No Particular Place To Go (Single Version),Chuck Berry,The Great Twenty-Eight,T54hk66rtfg5vr3xkjmhbkhym3u
Roll Over Beethoven,Chuck Berry,Berry Is On Top,Tsm3apry5uoiohmgkmlj7w5zo6q
Route 66,Chuck Berry,New Juke Box Hits,T5yyjigll5paols2fdgewwvhfee
Susie Q,Creedence Clearwater Revival,Chronicle: 20 Greatest Hits (Ecopac),Tplhxz4vozgjey2hr6gvcrsfb4u
Who'll Stop The Rain,Creedence Clearwater Revival,Chronicle: 20 Greatest Hits (Ecopac),Tylslpwg2cfqmpuw77oo57bfcqi
Turn! Turn! Turn! (To Everything There Is a Season),The Byrds,Turn! Turn! Turn!,Tcxkczwwf6nropdlb4hawdl4z7a
Dreams (2002 Remaster),Fleetwood Mac,The Very Best Of Fleetwood Mac,T4vukd6xx5apkhwlut5jqf2lnf4
Eye in the Sky (Remastered),The Alan Parsons Project,The Best Of The Alan Parsons Project,Tr72ucx6sxplwrjwy6sinzjoro4
Almost Like Being In Love (feat. Paul Chambers & Art Taylor),Red Garland,Red Garland's Piano,Tz3w3lumq5ai7k54dz22lrhjce4
Ginza Samba,Vince Guaraldi,From All Sides (Remastered),T3vk7iangiqp7ro3e7kcabz7xre
There Will Never Be Another You,Wynton Kelly,Nine Classic Albums: 1951-1962,Tawzlfgw56oad5zlvd2cdw5lndm
I'm Crazy Bout My Baby (Edited Alternate Version),Louis Armstrong,Satchmo At Pasadena/ New Orleans Night/ Plays W.c.handy/ Satch Plays Fats/ Ambassador Satch,T4dfqsa4w6bdbx7mmlbavjvozw4
The Soul City Walk,Archie Bell & The Drells,Blame It On The Boogie,T34n6dennql2oyxgh5mjb3x6nwq
Message in Our Music,The O'Jays,Discover Further,Tvtcvpo2zu4f3sssvrbvgm3j4de
Cantaloop (Flip Fantasia) (feat. Rahsaan & Gerard Presencer),Us3,Hand On The Torch,Tzup26gkyfowm47jfab2xeizddu
Quando Você Deixar,Casuarina,7,Tetifnevzbfcyuu7uqfsanut5pu
Almost Like Being In Love (Remastered),Nat King Cole,The Extraordinary (Deluxe Edition),Tubgwyak3sybwhpisci6xg2qjjm
Begin the Beguine,Ella Fitzgerald,Cole Porter Songbook,Tlvpf7udfqadmlmyw6wpnxffi64
Happiness Is A Warm Gun (Remastered 2009),The Beatles,The Beatles (Remastered),To2k3l3t74tn7glzgvad3oudg5u
10:15 Saturday Night (Chestnut Studio Demo 5/78),The Cure,Three Imaginary Boys,Tvitg6v5rgw4gjjy5j4ibho5rpy
Age Of Consent (2015 Remastered Version),New Order,"Power, Corruption & Lies",Tkpevayyszsuutmxjta4eawpvum
Catch,The Cure,"Kiss Me, Kiss Me, Kiss Me",Tbtehybg7jz3ei2kxqkrryww2vu
Kiss On My List,The Bird And The Bee,Interpreting The Masters Volume 1: A Tribute To Daryl Hall And John Oates,T3efi2fnxos2zkoettgmlyv6xb4
Spooky (Quinten 909 Radio Mix),Dusty Springfield,Spooky (Quinten 909 Remix),T5vklvin2g54byygpqjuadnx2sq
What A Fool Believes,The Doobie Brothers,Minute By Minute,Tdagzjs7eqpc25yflqphrh2iqvy
Love Me Two Times,The Doors,Strange Days,Tj4e5ieyawnwqlpw7pyvt5zammy
Break On Through (To The Other Side),The Doors,The Doors,Tf5fi7jmqlngp4yjgro3dpcnmry
People Are Strange,The Doors,Strange Days,Tzbnhd3dsbld3nmmrlh4sz5bi4u
L.A. Woman,The Doors,L.A. Woman,Tdok6ko22u3ihc2nwptnhzq2mwy
You Make Me Real,The Doors,Morrison Hotel,Tmhupajip6edreclwobrcffazxy
Dos Almas,Ibrahim Ferrer,Mi Sueno,Tiegeqgxwh3ibm23iwtsvo2jxaa
Why Don't You Do Right (Get Me Some Money Too) (Remastered),Peggy Lee,The Best Of Miss Peggy Lee,Thv2itqpittpq7gkvzowvybj7ai
Oh! Darling (Remastered 2009),The Beatles,Abbey Road (Remastered),Tvuezht5fkhryxfyephoqgoe4ni
I Will Not Let You Go,Chuck Berry,The London Chuck Berry Sessions,Tqc7w5ceg7jfpq5igp7npxewfjy
You Really Got Me (2015 Remaster),Van Halen,Van Halen (Remastered),Tuqhuj76koubzqtinkdoy2zafca
Jump (2004 Remaster),Van Halen,The Very Best Of Van Halen,Tis7lffmbaunvf5l3ipiw6hkppq
Top Of The World (Remastered) [Live],Van Halen,"Live At The Selland Arena, Fresno, Ca May 14/15 1992 (Remastered)",Tcxcr2drzwm763wvecyr5mq5lei
Unchained (2015 Remaster Audio) [2015 Remaster],Van Halen,Fair Warning (Remastered),Tanv3syqo4pzobejvk2qr7ug6by
"Panama (Live from Selland Arena in Fresno, California on May 14, 1993) [2004 Remaster]",Van Halen,The Very Best Of Van Halen,Tbg2eorsyptn3hdcpiykie3hvde
Why Can't This Be Love (2004 Remaster),Van Halen,The Very Best Of Van Halen,Tcblxj75j7j3s7o2pdehm433t6m
Suedehead (2011 Remastered Version),Morrissey,Viva Hate [2011 - Remaster],Toioengtzge2fkxbol46mzztgfi
Wave,Paul Desmond,Pure Desmond,Thw6zes44jkmrh7ouulhkil6ysa
Like Sonny,John Coltrane,The Legend Collection: John Coltrane,Tmsuin3mf3ky26i5zl3jwuv2eau
Oye Como Va,New Orleans Nightcrawlers,Live at the Old Point,Trdcqloep7hyygxpeuifp6imp3e
Begin the Beguine,Artie Shaw,30 Greatest Hits,Tnts4jerbyltt2otfmmkapoeio4
Stompin At the Savoy,Benny Goodman,"Sing, Sing, Sing",Tp3a7kidddxl7rf5p4ma4kn5kny
The Lady Is A Tramp,Peggy Lee,Mink Jazz,T556to37or57gzqflah3pyagowe
Sabrá Dios (Remastered),Los Panchos,40 Canciones Inolvidables,Tfxi6o5b6fjtq3clemd3qmkqxk4
Get Stupid,Aston Merrygold,Get Stupid,Tzcvb54t4bzupxa45hibzdn25zi
Almost Like Being In Love,Red Garland,"Ma dernière nuit jazz par Gilles Archambault, volume 2",Tqy4263alc5z5qkaltd4qxyhm2i
Andei Só (Ao Vivo),Natiruts,Natiruts Acústico no Rio de Janeiro,Tw4cbhspblbkp265ow4dd4twpnm
Quero Ser Feliz Também (Ao Vivo),Natiruts,Natiruts Acústico no Rio de Janeiro,T2lxxavi7humqnnvarm6n5cd4ya
Colo de Menina,Rastapé,Fale Comigo,Tvfk4jpf2vfkoyndxrqigwb3kga
How Deep Is Your Love,Bee Gees,Greatest,Tqqqhwujoaj4gubom33jnxb3k4a
"Valerie (Live At BBC Radio 1 Live Lounge, London / 2007)",Amy Winehouse,Back To Black (Deluxe Edition),Tipvotjvlipp75kgs4ov4tzs54m
On the Sunny Side of the Street (feat. The Oscar Peterson Trio),Lester Young,The President Plays with the Oscar Peterson Trio (Bonus Track Version),Ts4qhfwiisckqx5ybkapdpma64m
Almost Like Being in Love (feat. The Oscar Peterson Trio),Lester Young,The President Plays with the Oscar Peterson Trio (Bonus Track Version),T3pyd4gcrcrkao2cyikeuh7gz74
Let's Cool One,Thelonious Monk,In Orbit,Tvymfmr4zyghya62czoqqkhtequ
I'll Be Around (Remastered Version),The Spinners,Essentials,Trtfbq6fdpweesdaets77wcbine
It's A Shame (Remastered Version),Spinners,Definitive Soul: Spinners,Tqeewnslpw22tno7nv5g7lepboy
Saturday (Mousse Ts House Edit),Cunnie Williams,Exclusive House Vol.1,Tek7w5tufmj76khcvetwjthbcdm
Penthouse Serenade (When We're Alone) (Instrumental),Erroll Garner,Mighty Aphrodite - Original Soundtrack,Trlw2347lohk34phfatsruxqncq
You Do Something To Me (Voice),Dick Hyman,Mighty Aphrodite - Original Soundtrack,Tblunbj6o7yzotg5ace5mdroefq
When You're Smiling (The Whole World Smiles With You) (Voice),Dick Hyman,Mighty Aphrodite - Original Soundtrack,T2ny3dfijzbpgviwfqzjqhj4ycm
Corporation,Jack White,Boarding House Reach,Txb6akjcsfrcis7mu3z5gxcxxrq
Cê Tá Pensando Que Eu Sou Loki?,Arnaldo Baptista,Loki? (1974),Tn3jgwvqexcctm26ty45hnq3lmy
Será Que Eu Vou Virar Bolor?,Arnaldo Baptista,Loki? (1974),Tcluzztdratyh4lynrppc7g72ji
Vou Me Afundar Na Lingerie,Arnaldo Baptista,Loki? (1974),Tbtl7me3w7bcjogzqf5eemxjara
I Will Survive,Cake,Fashion Nugget,Te5cpo2sdret6ou47ziwhju5u6y
I Shot The Sheriff,Eric Clapton,461 Ocean Boulevard,Tm5xiqrgywqs6y365xnshu6fdum
Tolices,Pato Fu,Ruido Rosa,T3e3xx2bnyhdv3ftbqrm7oija2i
Nunca Diga,Pato Fu,Televisão de Cachorro,Tgy4ad4wihw3tgpovlmate2jw54
Before You Accuse Me,Creedence Clearwater Revival,Cosmo's Factory (40th Anniversary Edition),Tplylgon5cb6s6mhxx6ajri5ooi
The Night Time Is The Right Time,Creedence Clearwater Revival,Green River (40th Anniversary Edition),Tjrayflnbe32oys5gugqwdbzv3i
Born On The Bayou,Creedence Clearwater Revival,Chronicle: The 20 Greatest Hits (Volume Two),Tqh3e6jxlvxiwcjtitzqd7ihumi
Carnival,The Cardigans,Best Of,Tlqgtroq2gm3cwkqhp3vd54cbtu
Special,Garbage,Version 2.0,T342zrd6u57wmowcayex4owgwha
Your New Cuckoo,The Cardigans,First Band On The Moon,Tj2tqk6vmluejb4m2x3gofivw34
Processed Beats,Kasabian,Kasabian,Tb7cfumvgqytmpfwxo6qlnqwaum
Se Você Me Ouvisse,Sururu na Roda,Se Você Me Ouvisse,Tvlyncjipznldjej64qvtuhixe4
A Flor e o Espinho,Sururu na Roda,Se Você Me Ouvisse,Tm4wnn6dl3fncxvm3qrm7xw3ysy
Oye Como Va,Tito Puente,Oye Como Va,Tylhgjavtpk24lkf62ztwdq5ope
Be Thankful for What You Got (Pt. 1 & Pt. 2),William DeVaughn,Be Thankful for What You Got,Tg2yju2f7fadm7fef43wmftekm4
Chorinho pra Ele,Quarteto Aeromosca,Aeromosca,Tkve2wiodfltegx2igcikyytahi
Piazzolla: Libertango,Yo-Yo Ma,Classic Yo-Yo,Tekspsm4ozbpbx6hoehmwhqe2j4
O Mapa da Mina,Rumbora,Exército Positivo Operante,T2m2hnt5ens4k2pb4rw7zknvjp4
Você Me Encantou Demais (Ao Vivo),Natiruts,Play: Namorados,Tunew64hcsy6o3ufumv2454qubq
Fotografia,Vanessa Da Mata,Vanessa da Mata canta Tom Jobim (Deluxe Edition),Tqsvjvtb5bbyex4v5vfhsumbmee
Você Não Sabe Amar,Dick Farney,O Melhor,Tcyejlzxh5wqh356rgvupkefhiu
Garota de Ipanema,Dick Farney,Latin Grooves - Brasil Vol.1,Txfe2nubvqapxstr7uo2d5tulwa
Wave,Vanessa Da Mata,Vanessa da Mata canta Tom Jobim (Deluxe Edition),T237rm236tzfhztmy3qzwx5kgmi
A Estrada,Cidade Negra,Hits,Td6vgbmh47kmohoqpa3ofyc7qpq
Valse Triste,Sibelius,Meditation - Classical Relaxation Vol. 5,Tjjcqwsnuweyi4jfsqpa2pq5c4q
Viva La Vida,Coldplay,Viva La Vida Or Death And All His Friends,Tottpiypjkymc33yopkzdcynhwi
Upside Down,Jack Johnson,Jack Johnson And Friends: Sing-A-Longs And Lullabies For The Film Curious George,Ttvxit2msajhdqwzq6mefgo4qzi
Sunday Morning,Maroon 5,Songs About Jane,Tkyfdrs42qzpmto7l3udghwozqi
Eye In The Sky,The Alan Parsons Project,Eye In The Sky (Expanded Edition),Tlztegk5pud6mezfbssg7o5o54m
Blueberry Hill,New Orleans Nightcrawlers,New Orleans Nightcrawlers,Tcsx6uajilthxkpry536ug6rrum
História de um Valente (feat. Alexandre Caldi),Sururu na Roda,Se Você Me Ouvisse,Thmkhujlojbfxldle672fkyzmce
Minha Festa,Sururu na Roda,Se Você Me Ouvisse,Tqmmaonwptlhchncootaf5whnwe
Quando Eu Chamar Saudade,Sururu na Roda,Se Você Me Ouvisse,T42pumlmp7yr6h5fokoov4mfxhi
A Vida (feat. Marcelo Caldi),Sururu na Roda,Se Você Me Ouvisse,Tjcsby7bikd477mwurgs3g5dgtu
Notícia / O Meu Pecado (feat. Dirceu Leite),Sururu na Roda,Se Você Me Ouvisse,T6hzvfquvvwrmckdnnt3bimtfjm
Folhas Secas (feat. Dirceu Leite),Sururu na Roda,Se Você Me Ouvisse,Tcuoawjspumsqwzcqrqrsgowcle
Degraus da Vida (feat. Cristino Ricardo),Sururu na Roda,Se Você Me Ouvisse,Tfnii7qnc452i4jp2qbcemgqzyy
Luz Negra,Sururu na Roda,Se Você Me Ouvisse,Tgv2my2f42k5xsuh5o7q2pk2wdq
Gotas de Luar,Sururu na Roda,Se Você Me Ouvisse,T4vkiqc27jp7l2nxs5sa5grrlxe
Caminhando (feat. Marcelo Caldi),Sururu na Roda,Se Você Me Ouvisse,Tmlqvr3joccwplqg2do47tq3h6m
Rugas (feat. Dirceu Leite),Sururu na Roda,Se Você Me Ouvisse,Tcffmp6zlpdv2tma2o7gnaok4c4
Juízo Final,Sururu na Roda,Se Você Me Ouvisse,Tib62t7yvzb7t3xzrn2ywwkalaq
Dona Carola (feat. Dirceu Leite),Sururu na Roda,Se Você Me Ouvisse,Txd7e6j4e4bvontfajim2z42gmy
Pranto de Poeta / Quero Alegria / Vou Partir / Sempre Mangueira,Sururu na Roda,Se Você Me Ouvisse,Tz3xjabkkmbq6as3gioh6qqy4e4
Trouble,Shampoo,We Are Shampoo,Tscazsr3hx7mhnnhydkd5c4l43m
Diz que fui por aí (Ao vivo),Luiz Melodia,Acústico (Ao vivo),Ta5pixr4bjwwvyquho3tylb7wna
My Sweet Lord,George Harrison,All Things Must Pass (Remastered),Tmn3no5max5tqn4zoi2cssab7ge
Little Wing (2001 Remastered),Gil Evans,Plays The Music Of Jimi Hendrix,Tb5yxdwxtqtdz5ru6e66yqhfnri
Chorinho prá ele,Henrique Cazes & Família Violão,Desde que o Choro é Choro...,Tf6ewsvw65w2vkgww3n2fpgs5hy
Do It Again,Steely Dan,Can't Buy A Thrill,Thypkufwesqupjj5gzqmkgpcw7a
Aja,Steely Dan,Aja,Thtdohz2b3bkyhjw5bnoyxlxhfe
Sun Goddess (feat. Ramsey Lewis),"Earth, Wind & Fire",Pure... Disco/Funk,T7as6hd53pjmamvwxuiypc34knu
Float On (Single Version),The Floaters,"The ABC's Of Soul, Vol. 3 (Classics From The ABC Records Catalog 1975-1979)",Tk6y4xnclsmxoafimvkfdok3xa4
Good Times,The Jacksons,The Jacksons,Thbnlzyohueqwsaaqebpgbefeya
"Night Fever (From ""Saturday Night Fever"" Soundtrack)",Bee Gees,Greatest,Tigdokrndjgsswavj2yy27sugfy
"More Than A Woman (From ""Saturday Night Fever"" Soundtrack)",Bee Gees,Greatest,Tgfoukylpt6o7qo2il7l2bcxc6i
Love You Inside Out,Bee Gees,Greatest,Teilth5ohwdrfcjbalky6ofreti
Punky's Dilemma,Simon & Garfunkel,Bookends,T4h2gf7xz36lpl262joxtlwkxim
It's Too Late,Carole King,Tapestry,Txey5rq3uq2b22qyo4xs32bt7eq
Time of the Season (Mono Version),The Zombies,"The Original Studio Recordings, Vol. 4",Tkwwftnfkg4ovd63vmbujswgana
Wouldn't It Be Nice (Remastered),The Beach Boys,The Very Best Of The Beach Boys: Sounds Of Summer,Tircxxax5bfq5b22xatzfp35u3q
To Sir With Love (2002 Remastered Version),Lulu,Most Of Lulu / Lulu's Album,Thagah7iftego56meyj2ebwj3te
Winterlong (2017 Remaster),Neil Young,Decade,Tmtrkvpafde6467mrk3ahxylcfa
Show Me The Way,Peter Frampton,Frampton,Tcqb7al3rjqtfhsgajghlyo4deq
Suzie Q,Creedence Clearwater Revival,Creedence Clearwater Revival (40th Anniversary Edition),Tsbtli3s3kwhizmowwl2ppdqr6i
King Of The Whole Wide World,Elvis Presley,Kid Galahad/Girls! Girls! Girls! - Elvis Presley,Tsp3x5fib47qbiiqjg2adm6jpx4
Spooky,Dusty Springfield,"Music From The Motion Picture Lock, Stock And Two Smoking Barrels",Tv2ryqyrmajpkioxfvdyoru3dey
Tighten Up,The Black Keys,Brothers (Deluxe),Tsldizpxkv3gl5nxg2xbdfykclm
2120 South Michigan Avenue (Long Version),The Rolling Stones,12 X 5,Tjg3ldsliyrzlths7njzyv32lke
Assedic,LES ESCROCS,Faites-Vous Des Amis,Tmjpm5b32ilebygjd5hq24faq4u
Good Times,Matt Bianco,The Best Of Matt Bianco,Ttszuyznz2ab336pf4micvqewpy
The One,All Good Funk Alliance,Pulverising! Green,Ttnah7xyazc2j6pp5v2fyqzbaay
Lowdown (Edit),Boz Scaggs,Silk Degrees,T2xsiutuhm5jpegkqlojexkhcoe
Coming Back Around (Domu Re-Beat Mix),"Domu, Pete Simpson","Papa Records Presents Sounds for the Soul, Vol. 4 (Selected & Compiled by Domu)",Ttklpfl3nc4bxoupqb2tsohqkte
Day What a Day,Fabio Nobile,Day What a Day,T4sq5zyynk7cnkqicbdfkug3yke
I See A Different You,Koop,Freshly Composted 2 - Compost 250,Tgaflbqu3xc755vgo3idmhgflfe
On the Way to San Mateo,Lalo Schifrin,Bullitt,Tvzotebjyjcuxoe7jhfqy4pj3g4
Escapism (Patchworks Boogaloo),Metropolitan Jazz Affair,Find a Way,Thq2sqo6ibg332n4gxaqhxznhbu
Fourmi Rouge,Metropolitan Jazz Affair,Bird of Spring,Tk3ihe7nyqopeduxlumn7myi5xq
Why,Tortured Soul,Introducing Tortured Soul,Tbvrigqcaw7u4viofmsmj5ebiu4
Rain Cat (Enea Dj Remix),Abertico Project,Midnight Loungin,T2d4rb35327npez6u53qxmutngq
Things That Make You Go Hmmmm.... (feat. Freedom Williams),C+C Music Factory,Gonna Make You Sweat,Tpvuk42ea3gfnl4nnexp4q24yoe
Ascension (Don't Ever Wonder),Maxwell,Maxwell's Urban Hang Suite,T6utayayrlyfmpovgj4ulacpatu
"Na Rua, Na Chuva, Na Fazenda (Casinha De Sapê)",Hyldon,"Na Rua, Na Chuva, Na Fazenda",Tspdhmvlf6ix5afgy4szzoezzgm
Chiclete Com Banana,Gilberto Gil,Electric Samba Groove,Thzlpd7t5vei3vguhietpxrgyfu
A Lua e Eu,Cassiano,Soul do Brasil,T7kli7v3eiwuu4zewv4cjqdz6mm
Rio Best-Seller,Cassiano,Cedo Ou Tarde,T4ttxjwrouwssu7srh3tfgyowny
"Theme From ""Shaft""",Isaac Hayes,Greatest Hit Singles,Tpb5lk3sgt7lkipdzqdlvrzjv6u
Across 110th Street,Bobby Womack,The Best Of Bobby Womack: The Soul Years,Tcrbjszokuy43cerebxjhjui7cu
Mercy Mercy Me (The Ecology),Marvin Gaye,What's Going On,T4chdqrk774twpils422ea26l5e
Papa Don't Take No Mess (Pt. 1),James Brown,Greatest Breakbeats (2CD),Tugsrpjyi6s2bopqloxcvpattoa
I Want You (Single Version),Marvin Gaye,I Want You,Tb3suhmrqxcw4r47eq5vyiigu7u
I'm Searching For A Love,Harold Melvin & The Bluenotes,Philadelphia Soul,Tfasfstkvqbdtb5e2yt3sif6nl4
People Get Up And Drive Your Funky Soul,James Brown,The Singles Vol. 9 (1973-1975),Trjiquuogv7fpif4eeekfmh3u5y
Never Can Say Goodbye (Single Version),The Jackson 5,Motown The Musical – 100 Originals,Tp2civlv6uyg4y6fxmuw5lq4iz4
Shoutin' The Blues,B.B. King,Spotlight On Lucille,Tu6hlspc6lpqcmgwzswzpbsew2a
Just Got Back From Baby's,ZZ Top,ZZ Top's First Album,Tsdpcuv44mbvsxw4ed6ag3kzhpm
As The World Falls Down,David Bowie,Labyrinth,Tugeih7icbkyend2zwwm6rng2zy
Soul Love ,David Bowie,The Rise And Fall Of Ziggy Stardust And The Spiders From Mars (2012 Remastered Version),T453xsxfeiawy7pa5keo2hrplcu
Fresh Feeling,Eels,Souljacker,Tgzkmhnb24w774if4bkqh3nyhwy
Kamera,Wilco,Yankee Hotel Foxtrot,Teqwhxhuqvmiehng4mkqqssi7hu
I'm the man who loves you,Wilco,Yankee Hotel Foxtrot,T37xkylm23qgcupklbmljhhps7a
When You Wake Up Feeling Old,Wilco,Summerteeth,Tsbnhtkjeti6qng4qa7k5yti6ey
Can't Take My Eyes off You,Frankie Valli,The Very Best Of Frankie Valli & The 4 Seasons,To246t2c6e7gluddjw3xyfrcwti
Las Vegas Turnaround (The Stewardess Song),Daryl Hall & John Oates,The Atlantic Collection,Tdqi5ayfrxpeykuh6ei6n4rejv4
I Can't Go for That (No Can Do) (Remastered),Daryl Hall & John Oates,The Essential Collection,Ty4ypd5uwcnsmttac3yebdvnmxm
Gypsy (2002 Remaster),Fleetwood Mac,The Very Best Of Fleetwood Mac,Trynbhrvp52sb2xdioti3urrj5a
Hallelujah,Leonard Cohen,Various Positions,T5sqo27g53fxi37dle2h5wojuty
Stars,Simply Red,Stars Collectors Edition,Tft4alok7c3acnthc4fuqf54mci
Kiss on My List,Daryl Hall & John Oates,The Essential Daryl Hall & John Oates,Trgu2ek7kollv35h54zji75qgty
Hit The Road Jack,Ray Charles,The Genius Hits,Tsok3lsrvrisjf56kr4b7dlcaly
Long Tall Sally,Little Richard,"The Very Best Of ""Little Richard""",Tpm5lejrcxlqbtghfh3bnvgfrsi
Rip It Up,Little Richard,"The Greatest!, Vol. 1 (The 1955-1957 Masters Complete Collection)",Tvldzpu5um5vacpvn3vtin3jqvq
Slippin' And Slidin',Little Richard,Here's Little Richard,Tboo4ewiwgdc6fa5l2mejqkiqni
Diz Que Fui por Aí,Fernanda Takai,Onde Brilhem Os Olhos Seus,Tu4tmnn2nazo3rtvkwamnf7avye
Cry to Me,Solomon Burke,Cry to Me,Ttcfgsdqpcjy6nku47yuruvh3yu
Be My Baby,The Ronettes,Be My Baby (The Very Best Of The Ronettes),Tj3rafaxio3mlgtb7x4ynuo2lmq
Will You Love Me Tomorrow,The Shirelles,Will You Still Love Me Tomorrow,Tediw72wqvn3s4z4q35ryge22ea
Something's Got A Hold On Me (Single Version),Etta James,Her Best - The Chess 50th Anniversary Collection,Tq2gbwblwktuotkpy5p7pmvsagq
"Happy (From ""Despicable Me 2"")",Pharrell Williams,G I R L,Tj7ujtq7hqfqvo4fwuppfj7wt5y
Mercy Mercy Me (The Ecology),The Strokes,You Only Live Once/Mercy Mercy Me,Tcni4dqwlkpssyuewwozfexh7ge
You Are The Sunshine Of My Life,Stevie Wonder,Talking Book,Tvmloc4cn3jxqtl4oia5wto2omq
Daft Punk Is Playing at My House,LCD Soundsystem,LCD Soundsystem,T4cgv7u3oo2fpzpcxqr77w5b6wq
Doce de coco,Jacob Do Bandolim,Obrigado Brazil (Remastered),T34fh6fv6wu6kql5yq5cny2dsju
Receita De Samba,Jacob Do Bandolim,Original Classic Recordings Vol. I,Tdh3b4pwj4lbjjaapvvhfkbmw24
Espinha de Bacalhau,Danilo Brito,Perambulando,Tlkborc73q5niskhkpdagyxeqne
Chorinho Pra Ele,Hamilton de Holanda,Samba Do Avião,Twav6kkldynosni773a6v5vzove
To the East,Electrelane,"No Shouts, No Calls",Tkreeybb7ohhdlg23a6fjhgtzre
Ne Me Laisse Pas L'Aimer,Brigitte Bardot,The Best Of Bardot,Tuevl2vvvvumwmbphmatfl5oqam
Extreme Ways (Jason Bourne),Moby,Extreme Ways (Jason Bourne),Th4crlwel5tww6httnytbgqn4lm
Extreme Ways (Bourne's Legacy),Moby,Extreme Ways (Bourne's Legacy),T5a6mbysyytuyofu6xjhjilbj34
Blue Mode,Reuben Wilson,Blue Break Beats,T3zjvqvldn3khan6su2ynulsy3a
Compared to What,Roberta Flack,First Take,Tmg7jqwrfh6nqcnr7gjtnvwbhyy
Barulho Bom (Acústico) (Ao Vivo),Banda Bicho Solto,Acústico Bicho Solto (Ao Vivo),Tqj3notykspzmzs46yfh3obnlq4
All About That Bass,Scott Bradlee's Postmodern Jukebox,Historical Misappropriation,Tz7yv46gifarzlrgyqnnmynjsty
Catch,The Cure,Galore: The Singles 1987-1997,Tj3tqtfs3ssvrls6ol2oxpvwl2u
Lovesong,The Cure,Galore: The Singles 1987-1997,Ton24a5gcspsxm6p2bqi66dud4m
Day Tripper (Remastered 2015),The Beatles,1 (Remastered),Tny6ut56gsgh6gpjvbtb557rqba
I'm Only Sleeping (Remastered 2009),The Beatles,Revolver (Remastered),T7x3ep55x4pl6xfzpeyduttahfy
Drive My Car (Remastered 2009),The Beatles,Rubber Soul (Remastered),Tbrvfuqrxz2d5abfceotqkb2go4
In My Life (Remastered 2009),The Beatles,Rubber Soul (Remastered),T4sd52oze7burujdwkwuthhu2xm
Revolution (Remastered 2009),The Beatles,The Beatles 1967 - 1970 (Remastered),Tbl5wh5pssvwdalewfs2oxki7km
Old Brown Shoe (Remastered 2009),The Beatles,"Past Masters, Vols. 1 & 2 (Remastered)",Tdjlvedop27q6uoxmeghguipn44
Jigsaw Puzzle,The Rolling Stones,Beggars Banquet,Tpkfgc4vh54ms2wnlypgg7exmbq
Live With Me,The Rolling Stones,Let It Bleed,Tavxqw7vmkadzawcluzfswej5k4
Monkey Man,The Rolling Stones,Let It Bleed,Thbj26c5mgxuo725dkrgjvwvnha
Roxanne,The Police,The Very Best Of Sting And The Police,T22dzahmpcy5lf73oamjw24d45q
So Lonely,The Police,The Very Best Of Sting And The Police,Tesaxii6us7x3x4nr5gwllbz7m4
Where Is My Mind?,Pixies,Death To The Pixies,T2lkhrlht2fhggy3qjkuqd4ll6u
Would?,Alice In Chains,Dirt,T4lfprkg5jyu5yv5ghvjn4srgei
It's The End Of The World As We Know It (And I Feel Fine) (Remastered 2006),R.E.M.,And I Feel Fine.....The Best Of The IRS Years 82-87,T7it6ipoqjb4fo35rcpbhqakfpu
The Man Who Sold The World (2015 Remastered Version),David Bowie,The Man Who Sold The World (2015 Remastered Version),Tqslzucz4xg2ptmdzghrliuzm6a
Lazy (1997 Remix),Deep Purple,Machine Head - 25th Anniversary Edition,T4lkmzg3ijyywvuj3yxhs7kphcy
Highway Star,Deep Purple,Machine Head - 25th Anniversary Edition,Tizlmycmoa6fehotbfl6el7hije
This Charming Man (2011 Remaster),The Smiths,Complete,Tr3hl6qufqanb7em47oxgypxcnq
Rehab,Amy Winehouse,Back To Black,Tf2mkeni3vjhwpg7cpqii46o2w4
Back To Black,Amy Winehouse,Back To Black,T4e4jhkptwiqodbsivu42m4lb3y
Respect,Aretha Franklin,30 Greatest Hits,To7yffl4ltcul4g7f2sczvnvzxe
Think,Aretha Franklin,1968,Tasw7xuwcnc76oboksfukxos6gq
I Say a Little Prayer,Aretha Franklin,1968,Thhu46uhw2xqfckuuth5upamorq
Chain of Fools,Aretha Franklin,Feel Good Weekend,Tuorsbodpbtafbkafsv3dckoioq
Be Careful With a Fool,Johnny Winter,Johnny Winter,Temzqtzg4l546ezvj3emwfhmx7e
Good Morning Little School Girl,Johnny Winter,Johnny Winter,T2yjpug5tqz6n5mk2h4c2fxqjsy
One Way Or Another (Remastered),Blondie,One Way Or Another,Txm4s4gyhdjsldsuc65vfq5fwqm
She's Lost Control (2010 Remastered Version),Joy Division,Substance,Tis6ttcwbawyj7zjche6ddjcgbu
Three Girl Rhumba (2006 Remastered Version),Wire,Pink Flag,Tduzej7uq6bloax5qukcpfg7kxy
No Love Lost (2010 Remastered Version),Joy Division,Substance,Tnetlvpxr765nwqxujuobetdmd4
Incubation (2010 Remastered Version),Joy Division,Substance,T3awygxbx6eq2ipcabl5kwu66li
14th St. Break,Beastie Boys,The Mix-Up,Tzt7kug3wx4fvmim4vst6luslxy
In 3's,Beastie Boys,The In Sound From Way Out! (Instrumentals),Tkdszny7nusbogi3hykenl3gxme
Ricky's Theme,Beastie Boys,The In Sound From Way Out! (Instrumentals),Tbn76ojc54gieoa7fx23pdyij64
Nugget (Edit),Cake,Fashion Nugget,Tbhjwd74rhwgkguoc7duk4q2sqi
Just Got Back From Baby's,ZZ Top,Rancho Texicano: The Very Best of ZZ Top,Tq4c6laiggrf4kx3u35gszmelne
Move It On Over,George Thorogood,Move It On Over,Twit2avo7z2lb4kjgcchyoq3sye
Sometime Love,Robben Ford,Blue Moon,Tr2sc4ainznndtjfo4lm2qwk56a
Wild Child (Remastered),Lou Reed,Lou Reed,T6dpbzd5pyw3z6ysf7qvnb4tuie
Sister Morphine (Remastered),The Rolling Stones,Sticky Fingers (Super Deluxe),Tqov3cjv2apqs2jbghx2qiuhlua
Can't You Hear Me Knocking (Remastered),The Rolling Stones,Sticky Fingers (Super Deluxe),Tlg45iourbbvpbi5eesoun6kzem
Extreme Ways (Bourne's Ultimatum),Moby,Extreme Ways (Bourne's Ultimatum),Tcst4rxobn5dwekamdjnptjzlty
Secret Agent Man,The Ventures,Walk Don't Run - All-Time Greatest Hits,Th3cittyt6hdd37plnbdsky4iim
Arabesque,Henry Mancini & His Orchestra,Arabesque,Tlh6uxfnc5wwcgjyneh6h3nllza
"Secret Agent Man (From ""Secret Agent"" CBS TV Show)",Johnny Rivers,Bowfinger (Music From The Motion Picture),Trnv34plzwgs6wbbvtxecqygnlm
On Her Majesty's Secret Service (feat. Propellerheads),David Arnold,Shaken And Stirred,Tdopdqz56g5ob5ekcpv3emnk77y
Experiment In Terror,Kai Winding,Crime Jazz: Music In The Second Degree,67bd89c9-9364-348b-8578-c317c4898ba0
James Bond Theme (Moby's Re-version),Moby,"I Like To Score: Music From Films, Vol.1",Twwjyyufsdfuibzfzhblxhc7vjq
Goldfinger,James Taylor Quartet,Mission Impossible,Tvpoi5wgcciba3gxu4xr5n7vltq
Wenn Ich Ein Junge Wär',Rita Pavone,Ihre größten Hits,Tbshvftpsgyb2h25udzgdqs3lnu
Bad Penny,Rory Gallagher,Top Priority (Remastered 2017),Tk5v6wrozujlqlryej6suwx54ba
Philby,Rory Gallagher,Top Priority (Remastered 2017),Tvctgul4gob43vvmx74iswvsevq
Shadow Play,Rory Gallagher,Photo Finish (Remastered 2017),Tavenlpse3bdex3g7u7p5xmcbje
Moonchild,Rory Gallagher,Calling Card (Remastered 2012),T4qyoelsvipd7x6e52efqmfrlfe
Frank Sinatra,Cake,Fashion Nugget,Tkjm7wpbykxjbic4f6skp3zfqbi
Killing Me Softly (The Voice Brasil 2016),Kassia Marvila,Killing Me Softly (The Voice Brasil 2016),Tdcbro2phgwb23j3uw23vzmmroy
Take California,Propellerheads,Decksandrumsandrockandroll 20th anniversary,Tf54c6b6etf4l7zjva33lwpmira
Better?,Propellerheads,Decksandrumsandrockandroll 20th anniversary,Thvmg75xg5z3bsyxehxpnr5xfke
History Repeating (Knee Length Mix),Propellerheads,Decksandrumsandrockandroll 20th anniversary,Ttwyt43pgmmjqlgh63zu5gh2lhe
On Her Majesty's Secret Service,Propellerheads,Decksandrumsandrockandroll 20th anniversary,Tcp76agl2l2et6wedao5nrlzwc4
Comingtogetcha,Propellerheads,Decksandrumsandrockandroll 20th anniversary,Tsmetw2f3wwnqyk7265rvzl3fby
A Noite Vai Chegar,Lady Zu,Number One,Tixvge3yuu6ixwvfatsj6ekh4kq
Low Tide Of The Night,Everything But The Girl,The 90s Collection,Tpmwf2tsmxbxox54j2jeo3kv63e
"Finally (7"" Choice Mix)",Ce Ce Peniston,Ultimate Club Dance 90s,Thyw4ar44pgujppybogkgplimei
Never Gonna Give You Up,Rick Astley,Whenever You Need Somebody,Tq2fjpqmhnx2srvhe5batazevwy
Don't Talk Just Kiss,Right Said Fred,Hits!,Tmetvgpprv64itfayta4nhppwdu
Baile da Pesada,Fernanda Abreu,Entidade Urbana,Tlffrh4dgsyeyskx3m52ifq3k7u
Zona Norte - Zona Sul,Fernanda Abreu,Entidade Urbana,Ts727acmr4g54fkxsasgigqfp2a
Don't You Worry 'Bout A Thing,Incognito,Tribes Vibes And Scribes,Tl5f2iiot4mzf2pohkst72jzmyi
Good Day Sunshine (Remastered 2009),The Beatles,Revolver (Remastered),Te4q5cmm2i6p7nmlx23olqa4q2a
Somos Dois,Dick Farney,Meus Momentos: Dick Farney,Tngqrcpkpttrgxi5733jhbhpoem
Pra Que Chorar,Os Cariocas,Pure Bossa Nova,Trytfp6qgm3xtf2lpnzyyxj6b24
Sambolero,João Donato Trio,Sambolero,Tgmpvco5b7elv6bk6vkrkwsnhu4
Bebete Vãobora,Wilson Simoninha,Live Session At Trama Studios,Txe3ayjcf7uhczmglrzkmqkh3ue
Happy Hour à Beira Mar,Wilson Simoninha,Live Session At Trama Studios,Tluii6od2vytos2y63d3ir3h4lu
Bananeira,João Donato Trio,Sambolero,Txh36mmvr46kkurmydcpuctnwwq
"Bossa Eterna (feat. João Donato, Luiz Alves & Robertinho Silva)",Raul De Souza,Bossa Eterna,Tavqhzgypwegs3r4bpth3jqubyu
"Balanço Zona Sul (feat. João Donato, Luiz Alves & Robertinho Silva)",Raul De Souza,Bossa Eterna,Thvw5f7jp7p6vbkyc55wi3k5nay
"Lugar Comum (feat. João Donato, Luiz Alves & Robertinho Silva)",Raul De Souza,Bossa Eterna,Tesmvool3c5pe5l2lume2rqrluq
Pra Que Chorar,João Donato E Seu Trio,Muito À Vontade,Tfjbywbz32tlkvuuseiabczbmn4
Sambou...Sambou,João Donato,Muito À Vontade,Tpujw3tvfn6toprzevsvsb2ewse
Minha Saudade,João Donato,Muito À Vontade,Twynfrvsepebfohkytmlrmfmudq
Give Life Back to Music (feat. Nile Rodgers),Daft Punk,Random Access Memories,Tdhxwa373d2bmj77vojyktg2gwe
Get Lucky (feat. Pharrell Williams & Nile Rodgers),Daft Punk,Random Access Memories,Tn5ffsjyzeolxehkzxds5nqkdii
Lazy,Deep Purple,Machine Head (Remastered),Tyckagrtm44aqj6nwscnve4rbzy
Bohemian Rhapsody (Remastered 2011),Queen,A Night At The Opera (2011 Remaster),Tmk7q5ptuv2aqgwyowbqlppdg6q
We Are The Champions (Remastered 2011),Queen,Greatest Hits (Remastered),Tnhlewryt4ts77aszka7winnu74
We Are The Champions (The Voice Brasil 2016),Renan Zonta,We Are The Champions (The Voice Brasil 2016),Tdinm7qw2gkzj4sdh2ofd66i32i
Love Is In The Air,John Paul Young,I Hate the Music,Tfz3ybvheghfnbspiruzqz2e44m
Message in Our Music,The O'Jays,Message In The Music,Ty7vbx66utjjqwyafs5437rkxfa
O Caminho do Bem,Tim Maia,Racional Vol. 2,912e0584-d13c-3ecf-9008-604878f84e4d
Gypsy,Fleetwood Mac,Greatest Hits,T3wjhsgq4yvsl4mzoed75ccnrnm
Dreams,Fleetwood Mac,Greatest Hits,Twhm52yjhkzedjjyozmidmxu3ye
A Vida Tem Dessas Coisas,Ira!,Isso É Amor,Tjdqblw4a2qe5dnhwzfp6ukrhay
A Noite Vai Chegar,Lady Zu,A Noite Vai Chegar,Tyqc74gh35blvjayud4wu5oto5e
Head Over Heels,The Go-Go's,Return To The Valley Of The Go-Go's,Tipsssefuksoybgzgfq7fhuyhaa
I Will Survive,Cake,A Long Way Down - Original Motion Picture Soundtrack,Tb3wps2jlgcn66msi5qg7usre3q
"Never, Never Gonna Give You Up",CAKE,B-Sides And Rarities,Tq6ng2tuqhol3g3uqry6gtto7la
"Perhaps, Perhaps, Perhaps",Cake,Fashion Nugget,Tobug3bftvfs7azfhpv7c5wzm6u
Love Shack (Edit),The B-52's,Love Shack [edit] / Channel Z [Digital 45],Tyaal4hzldtrtxzqfwuscs4ojla
All About That Bass,Meghan Trainor,Title (Deluxe),Taxewewiznoflyqgrnw62leihke
History Repeating (Knee Length Mix),Shirley Bassey,Where There's A Wall…There's A Way,Tr4rhm23h46hhttoy4nif33ecwa
She Said Alright (2006 Remaster),Dr Feelgood,Down By The Jetty,Twqce7umwu3pfgwxnver5dkzrle
She Said She Said (Remastered 2009),The Beatles,Revolver (Remastered),Twz4h33amoqpiiiu677qiipnn6y
Tighten Up,The Black Keys,Alternative Spirit,Trj5l7ewpqywtj2ke4imzcadfbu
Carnival,The Cardigans,Life,Tareezutxp4xipkx7aub6axrzbq
My Favourite Game,The Cardigans,Gran Turismo,Thxkwenv5b3k7jhpk3irguljyim
Special,Garbage,Version 2.0 (20th Anniversary Standard Edition (Remastered)),Tzab4awn4dvbjmcbauergd5bgse
Babies,Pulp,His 'N' Hers,Trp2tpzwnmo3cd23y2x553dsh44
Scarborough Fair / Canticle,Simon & Garfunkel,Simon & Garfunkel's Greatest Hits,Tme6ykzlvtxfpsx577ufjv2ku7a
Little Wing,Stevie Ray Vaughan,The Essential Stevie Ray Vaughan And Double Trouble,T7fn3bmhyc6xlhelgwrlwjwjlmq
Angel (2001 Remastered),The Gil Evans Orchestra,Plays The Music Of Jimi Hendrix,Tkfx2eqo2jlqts5t2i7phavndwq
Time,Pink Floyd,The Dark Side of the Moon,Tgf5bww6sqhw2slxvdv3uidixr4
Jimmy Jazz,The Clash,London Calling,Tz36djf2mr4u7rtyjbjy3vz5npi
Lost in the Supermarket,The Clash,London Calling,Teoa53ibrj65p7l735j6hnczbna
Spanish Bombs,The Clash,London Calling,T4hurwxclbtnu6h5i3wnxqnyari
Come On In My Kitchen (Take 1),Robert Johnson,Ramblin' On My Mind: The Complete Recordings Vol. 1,Tjphauwdanpyoyfxln5hulpt4pa
I Can't Quit You Baby,The Rolling Stones,Blue & Lonesome,Ttrzv6s76wza7lbyp7ahobxv3yy
Comfortably Numb,Pink Floyd,The Wall,Thxlh6neur24s4tgpio37p2nnfu
Wish You Were Here,Pink Floyd,Wish You Were Here,Tno5me3tt4filjwyrmpdhfknn64
Mercedes Benz,Janis Joplin,Janis Joplin's Greatest Hits,Tzf2snpmscpedugtcibuzuf5ii4
Summertime,Big Brother & The Holding Company,Janis Joplin's Greatest Hits,Tnjjdsgudlaytbyssys6l6o7ehe
Still Got The Blues,Gary Moore,Still Got The Blues,Tfsupkta6fv5tghad3bfypt36em
In the Still of the Night,Billy Eckstine,"In the Still of the Night, Billy Eckstine and Quincy Jones Live at Basin Street",Tugz2mjucbyj3ovmwkycoqsemiq
Hong Kong Mambo (Remastered),Tito Puente,Jazz Pearls,T7iqqpwajcbwwj5qffbsvqeqg44
Long Black Veil (1988 Version),Johnny Cash,The Hits,Tmqw2dma2kbe7ytt6vtjmmihs34
Going to California (Remaster),Led Zeppelin,Led Zeppelin IV (Deluxe Edition),Tpn6rtlpphtidonzgvt3cg4nk3a
Harvest Moon,Neil Young,Harvest Moon,Tud6cbtjfjedcnzcfnhttbzcfem
Libertango,Yo-Yo Ma,Soul of the Tango,Tb7ny62mq74v3equgolvufs3tca
I Wanna Be Adored (Remastered),The Stone Roses,The Stone Roses,Trksbmczv27m7fmhtbwowahchku
Waterfall (Remastered),The Stone Roses,The Stone Roses,Tjh56vsfbd3a3fepv27xny7hc5m
She Bangs the Drums (Remastered),The Stone Roses,The Stone Roses,Tfzqxqtf7sw2j47mw7yh6ruemqa
I Can't Go for That (No Can Do) (Remastered),Daryl Hall & John Oates,The Very Best Of Daryl Hall & John Oates,T4tqc2tnrev7cctnqhtint7ho64
Cha-Cha de Pollos (Cha-Cha for Chicks) [Remastered],Tito Puente,Jazz Pearls,Tftavqixkg5thcrjlvefmn7hkgi
Cha-Cha-Son (Remastered),Tito Puente,Jazz Pearls,Tmsziio7yp7barljr2f6vmbtfta
Que Sera (What Is It?),Tito Puente,Jazz Pearls,T4gw3vfl6e5qrvjny5uh2quxqeu
Dance of the Headhunters,Tito Puente,Jazz Pearls,Tntyze5psep4zkhv2xe4dcdbof4
In the Still of the Night (Remastered),Billy Eckstine,Lady Luck,Tybewc5iolxfyvyzgvqwwnkquje
Crosstown Traffic (2001 Remastered),Gil Evans & His Orchestra,Plays The Music Of Jimi Hendrix,Tw7rwv4avl5h2zy4aawd54mb2uq
Piece Of My Heart,Big Brother & The Holding Company,Janis Joplin's Greatest Hits,Tp3ilhi4gokr6id424c67f7vyyy
"Another Brick in the Wall, Pt. 2",Pink Floyd,The Wall,T6ixf2znvanjcqdikr6lc5dh5my
Us and Them,Pink Floyd,The Dark Side of the Moon,Twuvxjs76wn3hj25pi2jacjnfu4
Just Your Fool,The Rolling Stones,Blue & Lonesome,Tdjliguztxdtjxdfafsagfwcvym
Cross Road Blues,Robert Johnson,Unforgetable - Bottleneck Blues,Tnxxnbrraeqmh3l3v2ya2ndqyoi
I Believe I'll Dust My Broom,Robert Johnson,The Gigant,Tdfglscer4uccwh4x6yr2xcv56a
London Calling (Remastered),The Clash,London Calling,Tatlfm62wv7ek3g7ivaudd7mo3m
Hateful,The Clash,London Calling,Tgsoatelnxdondfgkibgv3j2c2u
Rudie Can't Fail,The Clash,London Calling,Tbdbumkahsvgbagwnje6bfxhte4
Death or Glory,The Clash,London Calling,Tu2hdtgxcchxnvjcg65grvow4z4
Equinox,John Coltrane,The Very Best Of John Coltrane,Tquudubohhgawvqz5qgdvlzmoxu
Cachimbo da Paz (feat. Lulu Santos),Gabriel O Pensador,Quebra - Cabeça,Twu76v5fscu2kdabrdllw6fdu4q
Astronauta,Gabriel O Pensador,Nádegas A Declarar,Ttkc4o4pm6focey6z43e3czrszi
Espelho,João Nogueira,Nó Na Madeira,Td6iem5yeltygfksnjw5aensvdq
Meu Lugar,Arlindo Cruz,Fundamental - Arlindo Cruz,Tehgebewesbu4amkxfflfdwyrua
Sambista Perfeito,Arlindo Cruz,Fundamental - Arlindo Cruz,Toz7ckh56zcy7b7wxkg7hr7grse
Falso milagre do amor,Trio Bembe,Trio Bembe,Tac465abbytdjwg3vdssgxw6xki
Mercy Street,Herbie Hancock,The New Standard,Tcnfj6tyj6m45pdbo6m2d46sy4y
Four,Miles Davis,Absolute Miles Davis,Txi4dghgiuwdkjtfi3zkagfs3wi
"Chora, Me Liga (Ao Vivo)",João Bosco & Vinícius,Seleção Essencial - Grandes Sucessos - João Bosco e Vinícius,Tdfeqg5ydx5prtrp46dyw5tkaxy
Deus e Eu no Sertão,Victor & Leo,Borboletas,Tlmw77ghaaoeh4qfaisi7jcropq
Fogão de Lenha,Léo & Júnior,Modão de Boteco,Tqfwaox6e2ua6bmbv5cvywt4lrq
Vingança do Chico Mineiro,Tonico & Tinoco,"Recordando o 78, Vol. 1",Tl3hnwgigc54ejq6apqebyxt7u4
Encontros e Despedidas,Zélia Duncan,Zélia Duncan e Jaques Morelenbaum Interpretam Milton Nascimento - Invento Mais,Tap2churpds5jrasg3cvp2xg5ei
Travessia,Zélia Duncan,Zélia Duncan e Jaques Morelenbaum Interpretam Milton Nascimento - Invento Mais,T6o2ixzdcvfoqspv3ufjw2zqp2y
Pecado Capital,Silvério Pontes,Ele e Eu,Tnwwty5p75rvnlxklu22mqc2aea
Chorando Baixinho,Camerata Brasil,Bach in Brazil,Tmkxsrrdfmlx3ycbsiuf22ilyce
Um a Zero,"Marco Pereira, Hamilton de Holanda",Luz das Cordas,T5r4a2vkmcpz53wfc4kurjwrts4
A Foggy Day,Red Garland,Red,Tjo66zb5h3g4tdq7azfktmru2lq
What Is This Thing Called Love?,Red Garland,100% Cool Jazz 2014,Thcuyznitvt6hv5djawhncyyfcy
There Will Never Be Another You,Red Garland,Excellence: The Best of Red Garland,Tignea4xgkoqkvtb2bxr2jpv25e
There Will Never Be Another You (feat. The Oscar Peterson Trio),Lester Young,The President Plays with the Oscar Peterson Trio (Bonus Track Version),T5soovogzg5ilrwedbqa6jdjzju
Penthouse Serenade,Erroll Garner,The Hot 50 - Erroll Garner (Fifty Classic Tracks),Tu3ysufg3ffjuvpcscwsl245xje
Wouldn't It Be Nice (Remastered),The Beach Boys,10 Great Songs,Tvsxxdmotnt7hl55itxrmku4smy
Waiting in Vain,Bob Marley & The Wailers,Legend (Remastered),Tlqxdqmw7klburxtlgoyyxhgbim
Harvest Moon,John Pizzarelli,Double Exposure,Tvnc5r7x5snhhtc5a6ekeocarru
In My Solitude,John Pizzarelli,Rockin' In Rhythm: A Tribute To Duke Ellington,Tccbhpz4r3qgwlg7mgcg5qxzszi
Samba De Orfeu (feat. Tony Tedesco & Martin Pizzarelli),Rick Haydon & John Pizzarelli,Just Friends,Txhxusxxiogpgsliro4vvzwgoqa
'S Wonderful,John Pizzarelli,Easy Living Series--Essential Jazz Bossa,Toea2nadjl5ttfbseu7nic64e44
As Praias Desertas (feat. Jaques Morelenbaum & Paula Morelenbaum),Ryuichi Sakamoto,Casa,T2xorcfk32an5r4mxoea4q3kngu
Bonita (feat. Jaques Morelenbaum & Paula Morelenbaum),Ryuichi Sakamoto,Casa,Tboxdzllzvls5g77zsx3iqtulei
Estrada Branca (feat. Jaques Morelenbaum & Paula Morelenbaum),Ryuichi Sakamoto,Casa,Tuf75apqt2t7a6jlkfzqiskle6u
Fotografia - Photograph (feat. Jaques Morelenbaum & Paula Morelenbaum),Ryuichi Sakamoto,Casa,Txmlfz5ubbzvwujjc42yobm4u2q
Inútil Paisagem (feat. Jaques Morelenbaum & Paula Morelenbaum),Ryuichi Sakamoto,Casa,Tiwqhxjjzs5h6muqf7el6h6lgb4
O Amor Em Paz (feat. Jaques Morelenbaum & Paula Morelenbaum),Ryuichi Sakamoto,Casa,T3xih3qd5ppojecbbfpnewody2a
O Grande Amor (feat. Jaques Morelenbaum & Paula Morelenbaum),Ryuichi Sakamoto,Casa,Tk2zpuptdsbpphx5dvbg7ea52re
Sabiá (feat. Jaques Morelenbaum & Paula Morelenbaum),Ryuichi Sakamoto,Casa,Tygjyppbrpbsimjeaokt5ifj7uq
Samba Do Avião (Live) (feat. Jaques Morelenbaum & Paula Morelenbaum),Ryuichi Sakamoto,Casa,Tclmuk75wxv2ui5452uiqoc2c4i
Tema Para Ana (feat. Jaques Morelenbaum & Paula Morelenbaum),Ryuichi Sakamoto,Casa,Tsbjukefxzppwknbdqymoi4b3n4
Vivo Sonhando - Dreamer (feat. Jaques Morelenbaum & Paula Morelenbaum),Ryuichi Sakamoto,Casa,Teya2m6f7brp55so2ktcufv5uwa
Ad Lib Blues (feat. The Oscar Peterson Trio),Lester Young,The President Plays with the Oscar Peterson Trio (Bonus Track Version),T4tszyw5dug5kdx2mvedpc44xce
"A Heart In New York (Live at Central Park, New York, NY - September 19, 1981)",Simon & Garfunkel,The Concert in Central Park (Live),Th66td4x7xga36xjegzr6qxvhmi
Contigo en la Distancia,Trio Bembe,Oh My Soul,Tc7stshu36x3z4fkdrdy556nwti
Gracias a la vida,Trio Bembe,Trio Bembe,Ts55yshykse4shgyxofx46rzf6u
Sin miedo,Trio Bembe,Trio Bembe,Typommrtgh22b7mj56kllxhjvjm
Banana Pancakes,Jack Johnson,In Between Dreams,Tfsen5k5rfqpgbrff3on65gwt3e
Better Together,Jack Johnson,Hawaiian Slack Key Kings,Tll7kwx6lt66272invssrnqzcsy
Good People,Jack Johnson,In Between Dreams,Tsjscnfidbufspak4ahqwx4oop4
I Got You,Jack Johnson,From Here To Now To You,Tu6rlhvvaf25w2kbe76ugxk5aia
Never Know,Jack Johnson,In Between Dreams,Tgaoil6tsokk4gfi7kdbtuar6z4
Angel Eyes,Delicatessen,Jazz + Bossa,Tj443iolokmxm3elsfrfnoce3dm
Delicado,Marcos Nimrichter,Fundamental - Choro,Telac76pmtlrh2gh7jrupxflr7m
Do it again,Delicatessen,Jazz + Bossa,Tsrvpbcym6cjmauf7uziuabiaoq
I love the way you're breaking my heart,Delicatessen,Jazz + Bossa,Tl6vcehgvs3ag4lu2taymf53smq
In a mellow tone,Delicatessen,Jazz + Bossa,T6n42ytq7otejfiwi7bkk6jolwi
Kaleidoscope - A Delicate Balance,Dick Hyman,Century Of Jazz Piano 5cd+dvd,Tpa4aqn3ptondxa2ovmbmt5ywde
You're getting to be a habit with me,Delicatessen,Jazz + Bossa,Tmfp3pyrrgwtn7wo2veh5zkskfa
Almost Like Being In Love (2006 Digital Remaster/24 Bit Mastering),Frank Sinatra,Romance: Songs From The Heart,Tx7hwzzmrlst4zqatrjmhuzounq
On the Sunny Side of the Street (Remastered 2015),Johnny Hodges,Used to Be Duke (Remastered 2015),T42cwalltws4uunrysys2pi5vbe
They Can't Take That Away From Me (Remastered),Frank Sinatra,Classic Sinatra - His Great Performances 1953-1960,Tc3gsyhartpbuminxcywkpxc43y
They can't take that away from me,BR6,Gershwin & Jobim: Here To Stay,8ee6dec3-9ed5-3151-bbe0-55633bb4864a
They Can't Take That Away From Me,Charlie Parker,with Master Stings supervised by Norman Granz,Txki5wsbtaxfaur57msp2xckldq
They Can't Take That Away from Me,Earl Hines,A George Gershwin Songbook,Tucqtgviotvkh32j2ew6qrzofsq
They Can't Take That Away From Me (Live),Joe Pass,Meditation,Tewsd454lgvmeqkth5mgxu4k4nm
Livin' la Vida Loca,Ricky Martin,Ricky Martin,Tvcfjgceavzxxef2kwydwyhe6u4
Glorious,Adam Friedman,Rock Dog (Original Motion Picture Soundtrack),Tjqhl6yf6bj3gfs6nu6vlhgus5a
Janie's Got A Gun (Single Version),Aerosmith,Tough Love: Best Of The Ballads (International Version),T4sn7z4ganpikfueikvnav363qi
Sweet Child O' Mine,Guns N' Roses,Appetite For Destruction,Tqd2ymwbjvdvrwjzbvqxncqtoca
Give It Away,Red Hot Chili Peppers,Blood Sugar Sex Magik (Deluxe Version),Tnhjuyvn36hf464duue6v3tgeea
Jump (2015 Remaster),Van Halen,The Best Of Both Worlds,Tosm7u6a37qx6itr77rqpkt6tb4
Pra Sonhar,Marcelo Jeneci,Feito Pra Acabar,Twsrqsvtuce4dp5t2ahs454uea4
Tem Que Ser Você,Victor & Leo,Borboletas,Tbthg2e73zkwvwnid3cdelazeay
Menino do Rio,Baby Consuelo,Pop Brasil,Tagemajmb5ex7ue2ed3sk3qcqye
Um Anjo do Céu,Maskavo,Já,T27pjcza35qllrkvdg7qabhr5ge
Vuelvo al sur,gatoNegro,TANGO,Tbtptmm4zfxfevvtnzezujsealu
India (Original Mix),Cascatinha & Inhana,Recordando,T6hrqsbeqcziocbiilkq6owclei
Como é Grande o Meu Amor por Você (Versão remasterizada),Roberto Carlos,Em Ritmo de Aventura (Remasterizado),T7eoi4gg2ukbbx6yszkqg7plrwu
Berrante De Ouro,Carlos Cezar & Cristiano,Vai e Vem do Carreiro,Totg5gpeq6egqnwyjcr32ngcvra
Last Tango in Paris - Ultimo Tango a Parigi (Titles),Gato Barbieri,Last Tango in Paris (Original Motion Picture Soundtrack) - Remastered,Th7z7zpy7x7hmhfqtwgrneiixxm
Mano a mano,gatoNegro,TANGO,Tnikqx3inbzljx7g64xbpytisle
Detalhes (Versão Remasterizada),Roberto Carlos,Roberto Carlos (1971) [Remasterizado],T5f62h3k22uo53pgnn53qzuy5bi
Boiadeiro Errante,Carlos Cezar & Cristiano,Vai e Vem do Carreiro,Tuv665krd3jka7o57dyucmdlooy
Last Tango in Paris - 2nd Version,Gato Barbieri,Last Tango in Paris (Original Motion Picture Soundtrack) - Remastered,Tu5kfe6bp4ibcb7oqwzhknaoolu
Last Tango in Paris (Jazz),Gato Barbieri,Last Tango in Paris (Original Motion Picture Soundtrack) - Remastered,Tqjtx47zhv2it7qswbupj2kmqwm
1963,New Order,(The Best Of) New Order,Tbqkbhr26ilrbuaibeqbctfki3i
Blood Sugar Sex Magik,Red Hot Chili Peppers,Blood Sugar Sex Magik (Deluxe Version),Tcl2yvquopmz3huuxty3o76cb5m
Baker Street,Undercover,Check Out The Groove,T6vcbqovacxpavzjjthdako6wtq
Copacabana (Remastered),Barry Manilow,The Complete Collection...And Then Some,Tae4n2ro25r2or4wglih73u4wca
Hallelujah,Rufus Wainwright,Vibrate: The Best Of,T43uex7unlkjdcsthpo4qwmam5a
Nosso Xote,Bicho De Pé,Planeta Forró,Tzcy5x7syt6x5pdsw5aclfq3n6i
Stairway to Heaven (Remaster),Led Zeppelin,Led Zeppelin IV (Deluxe Edition),T5orx2jn6urebmnlc77qzrh6peq
I'll Be Around,The Spinners,Spinners,Txltio7yqtzxlyrvlvlfvwr37hu
Why Can't This Be Love (Remastered Version),Van Halen,The Best Of Both Worlds,T5fmkewetylwljslz46muejdr4y
Panama (2015 Remaster),Van Halen,The Best Of Both Worlds,Tjmqxfuhz5dyaegbkmai5gjvbru
For Your Babies,Simply Red,Stars Collectors Edition,Td3dy32ild46qlzxlhwm34q4xta
Born to Run,Bruce Springsteen,Born To Run,Tnlwgpr4rl62zblmhhowiep653a
Guilty (feat. Barry Gibb),Barbra Streisand,Guilty,T3tvufivjiis4ebtn3dnvftezyi
Across 110th Street (Cover(Bobby Womack)),THE COMMOTION,Across 110th Street (Cover Bobby Womack),T2tw5lwf5ssvyfxs6zkzkxy7lgq
Qui Nem Jiló,Falamansa,As Sanfonas do Rei - Tributo Aos 100 Anos de Luiz Gonzaga,Tcdc6zmhw42zfh773g2m25y4scy
You Really Got Me (2015 Remaster),Van Halen,The Best Of Both Worlds,T6mvlmprxfifrp7xh2e37nqmo3i
Eu Só Quero Um Xodó,Bicho de Pé,A Vida Vai,T7bgwb5b6yrj3sgxikt6obbki4y
Top of the World (Remastered Version),Van Halen,The Best Of Both Worlds,Tgp77fokrpuzzmmri56math2tsq
Sebastiana,Nation Beat,Growing Stone,Tf4te7r5fty3dieufl65wpbd2iy
Sentado À Beira do Caminho,Ira!,Isso É Amor,Tsbeino6bjm3jqt4vvwpzlzs2qi
Can't Stop Lovin' You (Remastered Version),Van Halen,The Best Of Both Worlds,Td4tef4tmeutuhpuse7ywbr2gfq
Versos Sinceros,Rastapé,Planeta Forró,Tri6rcsp447ztfm4weahil5rooa
As the World Falls Down,Vitamin String Quartet,"Geek Wedding, Vol. 2: The Sequel",T2vvbfstyw4cesa37gsymumk4qy
I Can't Go for That (No Can Do) (Remastered),Daryl Hall & John Oates,The Essential Daryl Hall & John Oates,Tcf4ex77t77kwnmbnrxqcj7sxay
Rebel Yell,Billy Idol,Rebel Yell,Trnssvj65owys4khavnlffjgl5y
Contigo en la Distancia,Los Tres Ases,Regálame Esta Noche,Tsc74v67junxrgl4i6pyw7jaf4i
Resposta Ao Tempo (The Voice Brasil),Amanda Amado,The Voice Brasil - Batalhas,To6nqxc5p5fdsn4qznhpyglgdzy
Eu Só Quero um Xodó,Dominguinhos,Nas Costas Do Brasil,Tmgig6gbsdjbxpgm2fmomqvytje
Barulho Bom,Zaira,"Levanta, Sacode e Dança!",Trzt7twt3lr3gjxny6zlejb6gfq
My Cherie Amour (feat. Stevie Wonder),Rod Stewart,Soulbook,T4qwj7fqa7uvrg3oipwkxhmfht4
Sá Marina,Wilson Simonal,Simonal - Ninguém Sabe O Duro Que Dei,Tpncvwumlaiyeycvj443d5mr6rq
A Foggy Day (Remastered),Frank Sinatra,Greatest Standards for the Night People Vol. 2 (All Tracks Remastered),Tdcp42gtbua5fxp6gifj7hedu64
Balanço Zona Sul,Wilson Simonal,Simonal - Ninguém Sabe O Duro Que Dei,Tu2mvjmwrllrhdhw35cb4nsvv5y
Cheek To Cheek (2006 Digital Remaster/24 Bit Mastering),Frank Sinatra,Romance: Songs From The Heart,T5kraplqvhxwc2yochaq2y55ws4
Sem Compromisso,Silvério Pontes,Ele e Eu,Tjn3a5rdmyrboeqv7izhehe3avm
A Rita / Samba do Grande Amor / Homenagem ao Malandro / Feijoada Completa (feat. Chico Buarque),Sururu na Roda,Sururu na Roda,T47j3fulefdz4n7fzdlrxjupppi
Let's Get It On,Marvin Gaye,Let's Get It On,T7mwqne7oltlxzzmah2x4r5vlmi
Daylight,Bobby Womack,The Best Of Bobby Womack: The Soul Years,Tua2nxloiubzzikc6zeqom7zcl4
Where I'm From,Digable Planets,Reachin' (A New Refutation Of Time And Space),T5ejwhokf5jfcw3s3oyzuko7d5a
Chorinho em Aldeia,Henrique Cazes & Família Violão,Desde que o Choro é Choro...,T53edgztxiwy5qffezbybkpvxji
What's Going On,Marvin Gaye,What's Going On,T5r2nbypngwjiiix55ue52qolqy
What's Happening Brother,Marvin Gaye,What's Going On,Trpmpnhbevqiugore2ieofjow34
All Around the World,Lisa Stansfield,Biography: The Greatest Hits,Tvkxpq35jlmauy4igecis6fagt4
Wrong 'Em Boyo,The Clash,London Calling,Trlohofrbsnpzirubvl4yx2ps3q
So He Won't Break,The Black Keys,Attack & Release,Tji7mv7qhmksvfrglf66zoyc3h4
True (Single Edit),Spandau Ballet,Gold - The Best Of Spandau Ballet,Tej56lo6xuw33wai6twec4ukryy
My Sweet Summer Suite,The Love Unlimited Orchestra,Gold,T3jer54spo2ds22xatrzwjc4gum
Sweet and Lovely,Ella Fitzgerald,125 Ella e Louis Classics (The Beautiful Songs Remastering 2014),Tcbtzhomyjhfclj3men3zssipwq
Sweet Love,Anita Baker,Rapture,Tqcy3yw5vrlsmwfhlpidebjmwv4
Guilty (feat. Barry Gibb),Barbra Streisand,Just For The Record...,Tmfm5tbx2kshwxzols5lxnjfc6q
Beautiful Thing,Slaid Cleaves,Everything You Love Will Be Taken Away,T43nks22ffefa532j76py3xqyeq
Love Never Felt so Good,Michael Jackson,XSCAPE,Trfbrxhb7mxz62uylgixxibupki
Tom Sawyer,Rush,Moving Pictures,Ttyyqkjx6mldxs6a4mnekviozua
Nothin' But A Woman,Robert Cray,Strong Persuader,Tmh4eh3xa3rt2pcfp6hkru5gl6m
10:15 Saturday Night,The Cure,Three Imaginary Boys,Td7gnwwsmxvnmm4ipynrnmwu3ny
Killing An Arab,The Cure,Staring at the Sea: The Singles,Tthaplkfmlf7numznklg5ciivxm
This Charming Man,The Smiths,The Smiths,Tj63nfo5hxp3q4iu764ej6tsqma
Gita (Ao Vivo),Raul Seixas,Eu Não Sou Hippie (Ao Vivo),T3jevxq7jlim3kakkd3zvrv3eje
Ceremony (Version 1) [2016 Remastered Version],New Order,Singles (Remastered),Tuz3lx7ge3rir4dsxvs6ylb3q2q
Chorei mas achei,Edu Negrão,Vem ver,Tljjtrfw43gxhjxc7abcnrcmjem
Roxanne,The Police,Greatest Hits,Tgziirv64vfnei2vudo7bdrbpj4
Tomorrow Never Knows,Violeta De Outono,Raridade Plug,T4rhpa2duosmmmxlzr3tdqr3i44
Não Vou Ficar (Versão remasterizada),Roberto Carlos,Roberto Carlos (1969) [Remasterizado],Tudcsqlf6xl5xvfvceyy25lpzny
A Escola e a Bola,Hamilton de Holanda,Hamilton de Holanda e o Baile do Almeidinha,Tzouoxcmso74eddamefpbfdogeu
Vibracoes,Jacob Do Bandolim,100% Handmade Music Volume I,T6iy7x37fejtjncbjtfrm5dmktq
As 40 Dps,Bezerra Da Silva,Se Não Fosse o Samba,Tq5ktdnjn7orm5apuf2r5ffwgi4
Feijoada Completa,Chico Buarque,Best of Brazil,Tuqiam4rs3bq2nubfkac6h4aat4
Trem-Bala,Ana Vilela,Trem-bala,Ttotmd52432t3hv3yrb4u3uu7ze
Louco,João Gilberto,"BD Music Presents: L'histoire de la bossa-nova, Vol. 2",Ta7btxydhpdqkqxoqkogpudv4i4
Rock 'N' Roll (Live),The Velvet Underground,MCMXCIII (Live),T5e6r4ovvpymu6aezae4w6ao64u
"Sweet Jane (Live From The Matrix, San Francisco, CA / 1969)",The Velvet Underground,1969: The Velvet Underground Live With Lou Reed -- Volume 1,Tqbto2rwlqja3htyjfzaq3gcfgu
There She Goes Again,The Velvet Underground,Gold,Tucaynjodrdhw5cp7ezpv6ic6ou
Head On,The Jesus And Mary Chain,Automatic,Twxptopqvgy7zh6mu5ckwj35jtm
Hallelujah,Leonard Cohen,The Essential Leonard Cohen,Ty4kdpjm5v5wem3lho6e7xtw7qe
